cidade,sigla_uf,segmento,nome_comercial,telefone,email,capital_social,endereco_completo
Almenara,MG,AGRO - Revenda,CASA DA RACAO VETERINARIA LTDA,33 32713060,contabilidade@contcastro.com.br,5227914,"AVENIDA OLINDO DE MIRANDA, 1880 - PARQUE SAO JOAO, Almenara - MG"
Almenara,MG,AGRO - Revenda,CASA DA RACAO ALMENARA,33 32713060,casadaracao@uol.com.br,4408553,"RUA OLINDO DE MIRANDA, 1880 - PARQUE SAO JOAO, Almenara - MG"
Almenara,MG,MERCADO - Perecíveis,SUPERMERCADO SACOLAO,34 88917850,augustovcunha@gmail.com,500000,"RUA HERMANO DE SOUZA, 246 - CENTRO, Almenara - MG"
Almenara,MG,FARMA - Farmácia,FARMACIA DO TRABALHADOR DO BRASIL,87 37610673,contabil10@farmaciasftb.com,300000,"AVENIDA OLINDO DE MIRANDA, 53 - CENTRO, Almenara - MG"
Almenara,MG,MERCADO - Perecíveis,XERETA SUPERMERCADOS,33 37216034,siare@escritaonline.cnt.br,300000,"RUA SEVERIANO COUTINHO, 275 - CENTRO, Almenara - MG"
Almenara,MG,MERCADO - Perecíveis,MAGNUM SUPERMERCADOS,33 37211260,magnumsupermercados@hotmail.com,250000,"RUA SEVERIANO COUTINHO, 518 - CENTRO, Almenara - MG"
Almenara,MG,MERCADO - Perecíveis,HIPER FAROL,33 37212077,coto@contabteixeira.com.br,200000,"AVENIDA OLINDO DE MIRANDA, 940 - CENTRO, Almenara - MG"
Almenara,MG,MERCADO - Perecíveis,BOMBOM COMERCIO & REPRESENTACOES,33 37213163,bombommercearia@bol.com.br,200000,"AVENIDA CARLYLE GUIMARAES CARDOSO, 81 - SANTO ANTONIO, Almenara - MG"
Almenara,MG,FARMA - Farmácia,REDE BEM DROGARIAS ALMENARA,33 88716144,pferrazsouto@hotmail.com,180000,"RUA FULGENCIO NOGUEIRA, 259 - SAO PEDRO, Almenara - MG"
Almenara,MG,FARMA - Farmácia,FARMACIA 24 HORAS,33 38410000,farmacia24horasalmenara@gmail.com,180000,"RUA EXUPERIO ALVES CANGUSSU, 347 - CENTRO, Almenara - MG"
Almenara,MG,AGRO - Revenda,MENINO DA PECUARIA,33 37211884,geraldo.santos2@yahoo.com.br,180000,"RUA SANUEL ALVES DE OLIVEIRA, 900 - SAO PEDRO, Almenara - MG"
Almenara,MG,FARMA - Farmácia,BIOPHARMA DROGARIA E PERFUMARIA,33 91262376,thomaz_pm@hotmail.com,170000,"RUA ARGEMIRO AGUILAR, 639 - CENTRO, Almenara - MG"
Almenara,MG,FARMA - Farmácia,DROGARIA E PERFUMARIA SANTA LUZIA,33 99145466,geraldo.santos2@yahoo.com.br,150000,"RUA DR SABINO DA SILVA, 290 - CENTRO, Almenara - MG"
Almenara,MG,FARMA - Farmácia,FARMACIA E DROGARIA (DRUGSTORE) POPULAR ALMENARA CDEJ,33 37431004,ortecon255@yahoo.com.br,150000,"AVENIDA OLINDO DE MIRANDA, 500 - CENTRO, Almenara - MG"
Almenara,MG,MERCADO - Perecíveis,FENIX SUPERMERCADO,33 37212457,assteccocontabilidade@bol.com.br,140000,"AVENIDA OLINDO DE MIRANDA, 1011 - CENTRO, Almenara - MG"
Almenara,MG,FARMA - Farmácia,DROGA-FACIL LTDA,33 99779956,thaissfarma@icloud.com,120000,"RUA JOAO DE OLIVEIRA GUIMARAES, 30 - PARQUE SAO JOAO, Almenara - MG"
Almenara,MG,FARMA - Farmácia,FARMACIA DO TRABALHADOR,38 91531907,kleumo@hotmail.com,120000,"AVENIDA OLINDO DE MIRANDA, 53 - CENTRO, Almenara - MG"
Almenara,MG,MERCADO - Perecíveis,MERCEARIA SUPER COMPRA,33 37212021,merceariatododia2@gmail.com,110000,"RUA CANDIDO DA SILVA BRANDAO, 220 - PARQUE SAO JOAO, Almenara - MG"
Almenara,MG,FARMA - Farmácia,DROGARIA PRECO BAIXO,33 37216372,d.drogariaprecobaixo@bol.com.br,104500,"RUA ARGEMIRO AGUILAR, 606 - CENTRO, Almenara - MG"
Almenara,MG,FARMA - Farmácia,FARMACIA DO TRABALHADOR NOVO DIA,77 91346915,manfrinecontabilidade@gmail.com,100000,"AVENIDA CARLYLE GUIMARAES, 122 - SANTO ANTONIO, Almenara - MG"
Almenara,MG,MERCADO - Perecíveis,SUPERMERCADO ALMENARA LTDA,33 87529499,coto@contabteixeira.com.br,100000,"RUA ARGEMIRO AGUILAR, 1427 - PEDRO GOMES, Almenara - MG"
Almenara,MG,FARMA - Farmácia,DROGARIA DO POVO,33 88906207,manfrine.almeida@yahoo.com.br,100000,"RUA ARGEMIRO AGUILAR, 1419 - PEDRO GOMES, Almenara - MG"
Almenara,MG,AGRO - Revenda,COMERCIAL ILMAR,33 37212616,heliocontador@yahoo.com.br,100000,"RUA BIAS FORTES, 620 - CENTRO, Almenara - MG"
Almenara,MG,FARMA - Farmácia,DROGARIA ALVORADA POPULAR LTDA,31 98629297,vivianeclourenco8@gmail.com,100000,"RUA ALEIXO PARAGUASSU, 271 - CENTRO, Almenara - MG"
Almenara,MG,FARMA - Farmácia,FARMACIA POPULAR,33 91262376,tomaz_pm@hotmail.com,100000,"RUA ARGEMIRO AGUILAR, 639 - CENTRO, Almenara - MG"
Almenara,MG,MERCADO - Perecíveis,JK SUPERMERCADO,33 37212115,coto@futuraassessoriacontabil.com.br,100000,"RUA ARGEMIRO AGUILAR, 1427 - PEDRO GOMES, Almenara - MG"
Almenara,MG,AGRO - Revenda,COMERCIAL FERRAZ,33 88469862,comercialferrazz@gmail.com,80000,"AVENIDA OLINDO DE MIRANDA, 100 - CENTRO, Almenara - MG"
Almenara,MG,FARMA - Farmácia,FARMACIA 24 HORAS,33 38410000,farmacia24horasalmenara@gmail.com,80000,"AVENIDA OLINDO DE MIRANDA, 74 - CENTRO, Almenara - MG"
Almenara,MG,PET - Petshop,MUNDO ANIMAL,33 99561728,manfrinecontabilidade@gmail.com,80000,"AVENIDA OLINDO DE MIRANDA, 362 - CENTRO, Almenara - MG"
Almenara,MG,FARMA - Farmácia,FARMACIA IMPERATRIZ,33 88713063,islandiasouza@hotmail.com,80000,"RUA EXUPERIO CANGUSSU, 339 - CENTRO, Almenara - MG"
Almenara,MG,FARMA - Farmácia,POSTO DE MEDICAMENTOS PEDRA GRANDE,33 99145466,geraldo.santos2@yahoo.com.br,80000,"AVENIDA ELIZIARIO GOBIRA, 67 - PEDRA GRANDE, Almenara - MG"
Almenara,MG,FARMA - Farmácia,DROGARIA ALTERNATIVA,33 37213846,zelitogil@yahoo.com.br,70000,"AVENIDA OLINDO DE MIRANDA, 967 - SAO PEDRO, Almenara - MG"
Almenara,MG,AGRO - Revenda,NOVA AGROPET,33 88373436,novaagropetalmenara@gmail.com,60000,"EIXO RODOVIARIO MG 406, 24 - CIDADE NOVA, Almenara - MG"
Almenara,MG,FARMA - Farmácia,DROGARIA SANTA FE,33 37261212,protecmg@yahoo.com.br,60000,"AVENIDA OLINDO DE MIRANDA, 1070 - SAO PEDRO, Almenara - MG"
Almenara,MG,AGRO - Revenda,DS AGRO RURAL,33 88086235,fabiano@meritocontabilidade.com,60000,"RUA BIAS FORTES, 702 - CENTRO, Almenara - MG"
Almenara,MG,FARMA - Farmácia,DROGARIA IDEAL,33 88259752,nai.farmcai@gmail.com,50000,"RUA SILVINO PATENTE, 206 - SAO PEDRO, Almenara - MG"
Almenara,MG,FARMA - Farmácia,DROGARIA MIRANDA,33 88065055,adeildenatura@hotmail.com,50000,"RUA VEREADOR NUNO HELIO ALVES SILVA, 91 - PARQUE SAO JOAO, Almenara - MG"
Almenara,MG,FARMA - Farmácia,PHARMA VIDA,33 37221009,contatocontabilidade@yahoo.com.br,50000,"RODOVIA BR 367, 117 - CIDADE NOVA, Almenara - MG"
Almenara,MG,AGRO - Revenda,AGROTERRA COMERCIO DE INSUMOS AGROPECUARIOS,33 99784478,rjfamaral@hotmail.com,50000,"RUA TIRADENTES, 494 - CENTRO, Almenara - MG"
Almenara,MG,FARMA - Farmácia,DROGARIA SANTA LUZIA,33 99145466,drogsantaluzia.dim@homtail.com,50000,"RUA FLAVIANO ANTUNES DOS REIS, 809 - SAO FRANCISCO, Almenara - MG"
Almenara,MG,AGRO - Revenda,CASA RURAL FERRAZ & CIA,33 88631684,leandrovieira175@hotmail.com,50000,"AVENIDA THIAGO SOUZA CARVALHO, 384 - CIDADE NOVA, Almenara - MG"
Almenara,MG,FARMA - Farmácia,DROGARIA JAPAO LTDA,33 88968536,gildaziopiresdasilva@gmail.com,50000,"RUA HERMANO DE SOUZA, 391 - CENTRO, Almenara - MG"
Almenara,MG,AGRO - Revenda,AGRO MAGNO,33 37211230,magnocerealista@hotmail.com,50000,"RUA ALEIXO PARAGUASSU, 254 - CENTRO, Almenara - MG"
Almenara,MG,AGRO - Revenda,AGROPAN AGROVETERINARIA,33 88517643,contabilidadeoliveira10@gmail.com,50000,"RUA DERALDO GUIMARAES, 160 - CENTRO, Almenara - MG"
Almenara,MG,AGRO - Revenda,SAUDE ANIMAL,33 84427970,saudeanimal81@gmail.com,45000,"RUA BIAS FORTES, 690 - CENTRO, Almenara - MG"
Almenara,MG,FARMA - Farmácia,DROGARIA MEDIFARMA DE ALMENARA, ,,40000,"RUA HERMANO SOUZA, 391 - CENTRO, Almenara - MG"
Almenara,MG,AGRO - Revenda,ZOOMAX,33 37451277,contabiljoaima@gmail.com,35000,"AVENIDA OLINDO DE MIRANDA, 1380 - PEDRO GOMES, Almenara - MG"
Almenara,MG,FARMA - Farmácia,DROGANOVA,33 37211468,rener@byalnet.com.br,30000,"AVENIDA JUSCELINO KUBISTCHEK, 100 - CIDADE NOVA, Almenara - MG"
Almenara,MG,AGRO - Revenda,SAUDE ANIMAL,33 88814636,saudeanimal240@gmail.com,30000,"RUA SEVERIANO COUTINHO, 240 - CENTRO, Almenara - MG"
Almenara,MG,FARMA - Farmácia,FARMACIA DO TRABALHADOR ALMENARA,33 87391651,alfa.cont@yahoo.com.br,30000,"RUA SEVERIANO COUTINHO, 253 - CENTRO, Almenara - MG"
Almenara,MG,PET - Petshop,FILIPE OLIVEIRA DOS SANTOS COMERCIO E SERVICOS,33 37214814,oliveirafilipe12241@gmail.com,30000,"1A RUA TIRADENTES, 758 - CENTRO, Almenara - MG"
Almenara,MG,FARMA - Farmácia,DROGARIA MG MENOR PRECO,33 88266848,drogariamenorprecomv@outlook.com,30000,"RUA HERMANO DE SOUZA, 201 - CENTRO, Almenara - MG"
Angelândia,MG,AGRO - Revenda,NUTRISAFRA AGRONEGOCIOS,33 88898032,tor4contabilidade@uai.com.br,200000,"PRACA ANTONIO DIAS, 651 - CENTRO, Angelândia - MG"
Angelândia,MG,AGRO - Revenda,VALE RURAL AGROPECUARIA,33 88844843,tor4contabilidade@uai.com.br,200000,"RUA MILITAO GOMES, 50 - CENTRO, Angelândia - MG"
Angelândia,MG,FARMA - Farmácia,DROGARIA BEM ESTAR,33 87200221,aranasc@uai.com.br,105000,"AVENIDA VICENTE PEGO, 22 - CENTRO, Angelândia - MG"
Angelândia,MG,FARMA - Farmácia,DROGARIA ANGELANDIA,33 35161151,aranasc@uai.com.br,100000,"AVENIDA VICENTE PEGO, 06 - CENTRO, Angelândia - MG"
Angelândia,MG,AGRO - Revenda,TRUNFO AGROVET,33 84584653,tor4contabilidade@uai.com.br,100000,"PRACA ANTONIO DIAS, 572 - CENTRO, Angelândia - MG"
Angelândia,MG,PET - Petshop,"GATO PRETO RACOES, ADUBOS E PRODUTOS VETERINARIOS LTDA",33 35164425,somacont@uaivip.com.br,94000,"PRACA ANTONIO DIAS, 222 - CENTRO, Angelândia - MG"
Angelândia,MG,FARMA - Farmácia,DROGARIA CENTRAL,33 35161214,mazecont@uai.com.br,50000,"PRACA  ANTONIO DIAS, 456 - CENTRO, Angelândia - MG"
Angelândia,MG,AGRO - Revenda,CASA DE RACAO SAO CAMILO,33 88496036,tor4contabilidade@uai.com.br,50000,"AVENIDA ELZA PAIVA DA LUZ, 501 - CENTRO, Angelândia - MG"
Angelândia,MG,AGRO - Revenda,CASA DO CAMPO,33 98594511,tor4contabilidade@uai.com.br,50000,"BECO SARA RODRIGUES, 31 - CENTRO, Angelândia - MG"
Angelândia,MG,FARMA - Farmácia,DROGARIA LIDERANCA,33 35161214,mazecont@uai.com.br,50000,"AVENIDA VICENTE PEGO, 54 - CENTRO, Angelândia - MG"
Angelândia,MG,MERCADO - Perecíveis,SUPERMERCADO MUNDIAL VILA NOVA,33 98272228,jusabn@hotmail.com,30000,"AVENIDA ANGELO TORQUATO DE SOUZA, 256 - VILA NOVA, Angelândia - MG"
Angelândia,MG,FARMA - Farmácia,MEDCAP,33 91084503,drogariamedicap@hotmail.com,30000,"RUA ANTONIO DIAS, 456 - CENTRO, Angelândia - MG"
Araçuaí,MG,MERCADO - Perecíveis,JS ATACAREJO,33 88286026,cadastrofiscal@escritaonline.cnt.br,1000000,"RUA JOAO JOSE DE SOUZA, 945 - BELA VISTA, Araçuaí - MG"
Araçuaí,MG,MERCADO - Perecíveis,SUPERMERCADO SEVIA LTDA, ,,400000,"RUA JOSE ANTONIO ARAUJO, 230 - CENTRO, Araçuaí - MG"
Araçuaí,MG,FARMA - Farmácia,FARMACIA DO VALE,33 99282233,valefcia@gmail.com,180000,"RUA FREI ROGATO, 184 - ALTO MERCADO, Araçuaí - MG"
Araçuaí,MG,MERCADO - Perecíveis,SUPERMERCADO ARRASTAO,38 38412577,henflas@uol.com.br,150000,"PRAÇA MANOEL FULGENCIO, 74 - CENTRO, Araçuaí - MG"
Araçuaí,MG,MERCADO - Perecíveis,DISTRIBUIDORA DE ALIMENTOS JEQUITINHONHA INOVA SIMPLES (I.S.),71 84235055,comercialdistribuidora2023@gmail.com,133000,"RUA  JOSE PINTO COLARES, 235 - ALTO SANTUARIO, Araçuaí - MG"
Araçuaí,MG,FARMA - Farmácia,DROGARIA DAS ROSAS,33 37314171,drogariadasrosas@yahoo.com.br,110000,"PRACA DAS ROSAS, 22 - NOVA TERRA, Araçuaí - MG"
Araçuaí,MG,MERCADO - Perecíveis,SUPER+BARATO,33 99057226,dnacont@outlook.com,108000,"RUA MONTES CLAROS, 226 - ESPLANADA, Araçuaí - MG"
Araçuaí,MG,AGRO - Revenda,FBL EMPREENDIMENTOS,33 99594500,fblempreendimentosminerarios@gmail.com,100000,"FAZENDA MA004-00001, 99999 - ZONA RURAL, Araçuaí - MG"
Araçuaí,MG,FARMA - Farmácia,FARMACIA VIVA MAIS,33 99296980,dnacont@outlook.com,100000,"RUA CLEMENTE SANTANA, 776 - PLANALTO VILA MAGNOLIA, Araçuaí - MG"
Araçuaí,MG,MERCADO - Perecíveis,SUPERMERCADO PAIS & FILHOS,33 37312855,financeiro@supermercadopef.com.br,100000,"RUA PREFEITO FRANKLIN FULGENCIO, 508 - CANOEIRO JOSE ALVES DE CARVALHO, Araçuaí - MG"
Araçuaí,MG,FARMA - Farmácia,DROGARIAS REDE LIGA FARMA,33 37311415,coecont@uai.com.br,100000,"RUA OSORIO COLARES, 335 - ALTO MERCADO, Araçuaí - MG"
Araçuaí,MG,MERCADO - Perecíveis,SUPERMERCADO ARRASTAO,38 38411445,henflas@uol.com.br,100000,"PRACA MANOEL FULGENCIO, 74 - CENTRO, Araçuaí - MG"
Araçuaí,MG,FARMA - Farmácia,DROGARIA ARAFARMA,33 99003554,drogariaarafarma@gmail.com,95000,"RUA JOSE ANTONIO ARAUJO, 137 - ALTO MERCADO, Araçuaí - MG"
Araçuaí,MG,MERCADO - Perecíveis,K-IAU ATACAREJO,33 37311007,cadastrofiscal@escritaonline.cnt.br,90000,"RUA RAFAEL AMARAL DA PAIXAO, 15 - SANTA TEREZA, Araçuaí - MG"
Araçuaí,MG,FARMA - Farmácia,DROGARIA NOVA ESPERANCA,33 99999904,novaesperancaaracuai@gmail.com,80000,"PRACA MANOEL FULGENCIO, 278 - CENTRO, Araçuaí - MG"
Araçuaí,MG,FARMA - Farmácia,DROGARIA DAS ROSAS,33 99561108,drogariadasrosas@yahoo.com.br,70000,"RUA PROFESSORA MARIA GOMES CARDOSO, 265 - PLANALTO VILA MAGNOLIA, Araçuaí - MG"
Araçuaí,MG,FARMA - Farmácia,FARMACIA DROGARIA E PERFUMARIA JULIA,33 37312003,jumarasr@hotmail.com,70000,"RUA FREI ROGATO, 216 - ALTO DO MERCADO, Araçuaí - MG"
Araçuaí,MG,FARMA - Farmácia,POUPE MAIS FARMA,73 91795553,poupemaisaracuai@gmail.com,50000,"RUA FREI ROGATO, 182 - CENTRO, Araçuaí - MG"
Araçuaí,MG,FARMA - Farmácia,DROGARIA POPULAR,33 37311059,coecont@uai.com.br,50000,"RUA OSORIO COLARES, 291 - ALTO MERCADO, Araçuaí - MG"
Araçuaí,MG,AGRO - Revenda,BIOPLANT,33 37312206,castelocontabilidade@hotmail.com,50000,"RUA PERNAMBUCO, 42 - CENTRO, Araçuaí - MG"
Araçuaí,MG,PET - Petshop,55.339.489 MICHAEL MARTINS DOS SANTOS,33 98774411,michaelgatosecoo@gmail.com,50000,"10A AVENIDA AVENIDA BOM JESUS, 1200 - BELA VISTA, Araçuaí - MG"
Araçuaí,MG,FARMA - Farmácia,DROGARIA BORBOREMA,33 37311087,contato@gsaminas.com.br,45000,"RUA OSORIO COLARES, 274 - ALTO MERCADO, Araçuaí - MG"
Araçuaí,MG,MERCADO - Perecíveis,SUPERMERCADO ALCANTARA,33 37313996,exatasolucoes@hotmail.com,40000,"RUA PREFEITO FRANKLIN FULGENCIO, 426 - CANOEIRO, Araçuaí - MG"
Araçuaí,MG,AGRO - Revenda,BODAO RURAL,33 37314455,bodaorural@hotmail.com,40000,"RUA JOSE ANTONIO ARAUJO, 36 - CENTRO, Araçuaí - MG"
Araçuaí,MG,MERCADO - Perecíveis,SUPER MAIS,33 91227484,castelocontabilidade@hotmail.com,30000,"RUA JOAO BARRETO, 75 - PEDREGULHO, Araçuaí - MG"
Araçuaí,MG,AGRO - Revenda,CASA DO CRIADOR,33 37313575,casadocriador.ara@hotmail.com,30000,"RUA OSORIO COLARES, 145 - CENTRO, Araçuaí - MG"
Araçuaí,MG,FARMA - Farmácia,DROGARIA BRASIL,33 37361219,lumarcontabil@yahoo.com.br,30000,"RUA OSORIO COLARES, 291 - ALTO MERCADO, Araçuaí - MG"
Araçuaí,MG,FARMA - Farmácia,DROGARIA SILVIA,33 37311728,drogasilvia@hotmail.com,30000,"RUA OSORIO COLARES, 285 - CENTRO, Araçuaí - MG"
Araçuaí,MG,FARMA - Farmácia,DROGARIA BEM ESTAR,33 99036661,drogariasantospereira@hotmail.com,30000,"RUA OSORIO COLARES, 145 - ALTO MERCADO, Araçuaí - MG"
Aricanduva,MG,PET - Petshop,SOLUCAO RURAL,33 35159207,aranasc@uai.com.br,100000,"PRACA DA MATRIZ, 364 - CENTRO, Aricanduva - MG"
Aricanduva,MG,FARMA - Farmácia,DROGARIA POPULAR,33 88095332,vicoon@uol.com.br,60000,"AVENIDA DO CONTORNO, 140 - ALVORADA, Aricanduva - MG"
Aricanduva,MG,FARMA - Farmácia,DROGARIA MAIS SAUDE,33 88095332,vicoon@uol.com.br,60000,"RUA SETE DE SETEMBRO, 105 - CENTRO, Aricanduva - MG"
Aricanduva,MG,MERCADO - Perecíveis,SUPERMERCADO ARICANDUVA,31 96406361,admsupnovohorizonte@gmail.com,50000,"RUA DA SAUDADE, 1150 - NOVO HORIZONTE, Aricanduva - MG"
Aricanduva,MG,MERCADO - Perecíveis,COMERCIAL ECONOMIZE,38 35211864,polliane@gasquelcontabilidade.com.br,50000,"FAZENDA OURO FINO, 9999 - POVOADO DOS CARNEIROS, Aricanduva - MG"
Aricanduva,MG,FARMA - Farmácia,DROGARIA ARICANDUVA,33 88658014,montfarma.aricanduva@gmail.com,30000,"PRACA DA MATRIZ, 364 - CENTRO, Aricanduva - MG"
Aricanduva,MG,PET - Petshop,PLANETA ANIMAL PET SHOP E SOLUCOES AGROPECUARIAS,33 88910863,contabilidade-uniao@hotmail.com,30000,"RUA DA SAUDADE, 109 - CENTRO, Aricanduva - MG"
Aricanduva,MG,FARMA - Farmácia,GANDRA FARMACEUTICA,33 88190045,drogaria.gandra@yahoo.com,30000,"RUA TARCISIO GERALDO ANDRADE, 112A - CENTRO, Aricanduva - MG"
Bandeira,MG,PET - Petshop,NUTRISILOS NUTRICAO ANIMAL,33 37221009,contatocontabilidade@yahoo.com.br,120000,"FAZENDA SAO JOSE, SN - ZONA RURAL, Bandeira - MG"
Bandeira,MG,FARMA - Farmácia,DROGARIAS BEM POPULAR BRASIL,33 88716144,articula777@gmail.com,120000,"PRACA LAURINDO SILVA, 03 - CENTRO, Bandeira - MG"
Bandeira,MG,FARMA - Farmácia,POSTO DE MEDICAMENTOS TIMORANTE,33 99104356,coto@futuraassessoriacontabil.com.br,100000,"RUA BENJAMIN DOS SANTOS ROCHA, 58 - TIMORANTE, Bandeira - MG"
Bandeira,MG,FARMA - Farmácia,DROGARIA DRUGSTORE E VIVA MAIS,77 91346915,manfrine.almeida@yahoo.com.br,100000,"PRACA LAURINDO SILVA, 3 - CENTRO, Bandeira - MG"
Bandeira,MG,FARMA - Farmácia,FARMACIA VITAL SAUDE,33 88903360,kaiquefarmacia@outlook.com,80000,"PRACA ADELINO RODRIGUES, 04 - CENTRO, Bandeira - MG"
Berilo,MG,MERCADO - Perecíveis,SUPERMERCADO MARTUCHELI LTDA,33 37371204,siare@escritaonline.cnt.br,200000,"RUA CORONEL AMARAL, 64 - CENTRO, Berilo - MG"
Berilo,MG,PET - Petshop,BRAULIO DE SOUSA FIGUEIRO,33 88839264,brauliofigueiro@gmail.com,40000,"RUA MARIA PEREIRA SALES, 62 - BELA VISTA, Berilo - MG"
Berilo,MG,FARMA - Farmácia,FARMACIA PAGUE POUCO,33 37361504,paguepoucoberilo@gmail.com,40000,"AVENIDA GERALDO ALVES MARTINS, 157 - SAO FRANCISCO, Berilo - MG"
Berilo,MG,FARMA - Farmácia,DROGARIA MULTIVIDA LTDA,33 99185552,contato@drogariamultivida.com.br,40000,"PRACA SAO NORBERTO, 04 - LELIVELDIA, Berilo - MG"
Berilo,MG,AGRO - Revenda,GF AGROVETERINARIA,33 99939942,dirceugomes1@hotmail.com,35000,"COMUNIDADE ALTO BRAVO, SN - ZONA RURAL, Berilo - MG"
Berilo,MG,FARMA - Farmácia,DROGARIA MINAS PHARMA,33 37371713,contabilidadeberilo@gmail.com,30000,"RUA JOAO C. AMARAL, 47 - CENTRO, Berilo - MG"
Berilo,MG,FARMA - Farmácia,FARMACIA DO TRABALHADOR DE LELIVELDIA,33 99716195,cardosovieiracontabilidade@gmail.com,30000,"RODOVIA BR LMG 677, 4 - LELIVELDIA, Berilo - MG"
Cachoeira de Pajeú,MG,MERCADO - Perecíveis,ESTRELA DO VALE SUPERMERCADOS LTDA,33 37513330,cadastrofiscal@escritaonline.cnt.br,230000,"RUA CLEMENTE MEDRADO, 96 - CENTRO, Cachoeira de Pajeú - MG"
Cachoeira de Pajeú,MG,FARMA - Farmácia,DROGARIA CENTRAL,33 37541649,,100000,"PRACA RUI BARBOSA, 27 - CENTRO, Cachoeira de Pajeú - MG"
Cachoeira de Pajeú,MG,FARMA - Farmácia,FARMAX,33 99326811,econtabilconsultoria.assessoria@gmail.com,60000,"RUA AFONSO PENA, 54 - CENTRO, Cachoeira de Pajeú - MG"
Cachoeira de Pajeú,MG,FARMA - Farmácia,DROGARIA CUIDAR,33 88510547,conceitoservicos1@gmail.com,48000,"RUA CLEMENTE MEDRADO, 100 - CENTRO, Cachoeira de Pajeú - MG"
Cachoeira de Pajeú,MG,FARMA - Farmácia,POSTO DE MEDICAMENTOS KARIRI LTDA,33 99742341,j.lopescontabil@hotmail.com,40000,"AVENIDA RIO BAHIA, 05 - TANCREDO NEVES, Cachoeira de Pajeú - MG"
Cachoeira de Pajeú,MG,FARMA - Farmácia,POSTO DE MEDICAMENTOS AMIGAO,33 37512575,amigao2000@yahoo.com,30000,"RUA ADILSON ROCHA, 36 - POVOADO DE AGUAS ALTAS, Cachoeira de Pajeú - MG"
Capelinha,MG,MERCADO - Perecíveis,SUPERMERCADOS BH COMERCIO DE ALIMENTOS S/A,33 35164097,leonardo@supermercadosbh.com.br,50000000,"RUA RIO BRANCO, 1255 - PLANALTO, Capelinha - MG"
Capelinha,MG,MERCADO - Perecíveis,SUPERMERCADO FARNEZE E ALVES LTDA,33 35161461,farnezzenacoes2@gmail.com,2000000,"RUA ANTARTIDA, 90 - NACOES, Capelinha - MG"
Capelinha,MG,AGRO - Revenda,SUPER SAFRA, ,,1679000,"RUA RIO BRANCO, 955 - CENTRO, Capelinha - MG"
Capelinha,MG,AGRO - Revenda,TRES VALES AGROPECUARIA LTDA, ,,1000000,"RUA RIO BRANCO, 1213 - PLANALTO, Capelinha - MG"
Capelinha,MG,AGRO - Revenda,GRAO FORTE PECAS & AGRONEGOCIOS LTDA,33 84139522,helenice-melo@hotmail.com,650000,"AVENIDA TICO NEVES, 2281 - APARECIDA, Capelinha - MG"
Capelinha,MG,MERCADO - Perecíveis,BARATEIRO CENTER,33 35221085,siare@escritaonline.cnt.br,500000,"RUA GOVERNADOR VALADARES, 168 - CENTRO, Capelinha - MG"
Capelinha,MG,AGRO - Revenda,AGRO SHOP,37 32372880,edlaine@grupoagromg.com.br,458530,"RUA RIO BRANCO, 1057 - PLANALTO, Capelinha - MG"
Capelinha,MG,MERCADO - Perecíveis,SUPERMERCADO CALDEIRA,33 35164266,megaprimus.supermercados@gmail.com,360000,"RUA BELO HORIZONTE, 256 - MARIA LUCIA, Capelinha - MG"
Capelinha,MG,PET - Petshop,AGROSOCIOS RACOES,33 91002959,exatassolucoes@yahoo.com.br,300000,"RUA BELO HORIZONTE, 320 - MARIA LUCIA, Capelinha - MG"
Capelinha,MG,AGRO - Revenda,CAMPO VERDE,27 81425803,bruna@assergro.com.br,250000,"RUA RIO BRANCO, 808 - PLANALTO, Capelinha - MG"
Capelinha,MG,FARMA - Farmácia,MEDCAP,38 99548024,drogariamedcap2@hotmail.com,250000,"RUA GOVERNADOR VALADARES, 90 - CENTRO, Capelinha - MG"
Capelinha,MG,AGRO - Revenda,SHOPPING RURAL,33 35163640,bigben.agro@comercialbigben.com.br,200000,"RUA RIO BRANCO, 808 - PLANALTO, Capelinha - MG"
Capelinha,MG,MERCADO - Perecíveis,MERCADO MUITO MAIS,33 35163998,rodrigosilva.contabil@hotmail.com,150000,"AVENIDA DIAMANTE, 377 - VISTA ALEGRE, Capelinha - MG"
Capelinha,MG,MERCADO - Perecíveis,IDEAL SUPERMECADOS,33 91042429,contfoccus@gmail.com,150000,"RUA BELO HORIZONTE, 256 - MARIA LUCIA, Capelinha - MG"
Capelinha,MG,FARMA - Farmácia,DROGARIA SAUDE FARMA,33 35161306,multcont_multcont@yahoo.com.br,150000,"AVENIDA TANCREDO NEVES, 1290 - PIEDADE, Capelinha - MG"
Capelinha,MG,FARMA - Farmácia,DROGARIA RONDI FARMA LTDA,33 35163897,tatiane.value@gmail.com,150000,"AVENIDA TANCREDO NEVES, 959 - PIEDADE, Capelinha - MG"
Capelinha,MG,PET - Petshop,CUIDAR CLINICA VETERINARIA & PET SHOP,33 35163998,rodrigosilva.contabil@hotmail.com,150000,"RUA RIO BRANCO, 525 - CENTRO, Capelinha - MG"
Capelinha,MG,MERCADO - Perecíveis,SUPERMERCADO ECONOMAIS LTDA,33 87300238,siare@escritaonline.cnt.br,150000,"AVENIDA CLOVIS PIMENTA, 53 - CENTRO, Capelinha - MG"
Capelinha,MG,FARMA - Farmácia,CENTERFARMA,33 91078000,drogariafarminas25@gmail.com,150000,"AVENIDA AEROPORTO, 169 - JARDIM AEROPORTO, Capelinha - MG"
Capelinha,MG,FARMA - Farmácia,ZAGAFARMA,33 35164080,aranasc@uai.com.br,120000,"RUA BELO HORIZONTE, 303 - MARIA LUCIA, Capelinha - MG"
Capelinha,MG,MERCADO - Perecíveis,FENIX SUPERMERCADO,33 35162480,conafe@uai.com.br,120000,"RUA SANTA CECILIA, 645 - MARIA LUCIA, Capelinha - MG"
Capelinha,MG,FARMA - Farmácia,DROGARIA SAO GERALDO,33 35161214,drog.s.geraldo.cape@gmail.com,110000,"RUA CARLOS PRATES, 127 - MARIA LUCIA, Capelinha - MG"
Capelinha,MG,PET - Petshop,PET LIFE,38 35211497,valdirenemourao@hotmail.com,100000,"RUA CARLOS PRATES, 644 - PLANALTO, Capelinha - MG"
Capelinha,MG,PET - Petshop,PET SHOP MUNDO ANIMAL, ,,100000,"AVENIDA GERALDO PRISCO, 33 - CENTRO, Capelinha - MG"
Capelinha,MG,AGRO - Revenda,CRIAR COMERCIO E ASSISTENCIA VETERINARIA,33 35161254,somacont@uaivip.com.br,100000,"AVENIDA CLOVIS PIMENTA, 53 - CENTRO, Capelinha - MG"
Capelinha,MG,AGRO - Revenda,BIOSOLO AGRONEGOCIOS LTDA,33 91220672,biosoloagronegocios1@gmail.com,100000,"RUA RIO BRANCO, 1315 - PLANALTO, Capelinha - MG"
Capelinha,MG,PET - Petshop,AGROSOCIOS RACOES,33 35163573,exatassolucoes@yahoo.com.br,100000,"AVENIDA TANCREDO NEVES, 807 - PIEDADE, Capelinha - MG"
Capelinha,MG,PET - Petshop,AGROSOCIOS RACOES,33 99976286,exatassolucoes@yahoo.com.br,100000,"AVENIDA TICO NEVES, 1440 - MARIA LUCIA, Capelinha - MG"
Capelinha,MG,PET - Petshop,35.322.378 SERGIO PINHEIRO DOS SANTOS,33 91043090,turraopethop@gmail.com,80000,"RUA ANTONIO VITOR DOS SANTOS, 1122 - APARECIDA, Capelinha - MG"
Capelinha,MG,FARMA - Farmácia,DROGARIA CAPELINHA,38 35212488,actual.gestao@gmail.com,80000,"RUA GOVERNADOR VALADARES, 144 - CENTRO, Capelinha - MG"
Capelinha,MG,FARMA - Farmácia,M.M.P DE FIGUEIREDO - DROGARIA, ,,60000,"RUA DOUTOR HERMELINDO, 93 - CENTRO, Capelinha - MG"
Capelinha,MG,FARMA - Farmácia,DROGARIA CAPELINHA,33 35161900,valdirenemourao@hotmail.com,50000,"PRACA DO POVO, 12 - CENTRO, Capelinha - MG"
Capelinha,MG,FARMA - Farmácia,DROGARIA CAPELINHA,38 35212488,actual.gestao@gmail.com,50000,"AVENIDA TICO NEVES, 897 - PLANALTO, Capelinha - MG"
Capelinha,MG,FARMA - Farmácia,DROGARIA CAPELINHA,38 35212488,actual.gestao@gmail.com,50000,"AVENIDA TANCREDO NEVES, 959 - PIEDADE, Capelinha - MG"
Capelinha,MG,AGRO - Revenda,CAMPO VERDE, ,,50000,"RODOVIA BR  120, SN - PLANALTO, Capelinha - MG"
Capelinha,MG,AGRO - Revenda,VR AGROPECUARIA LTDA,33 35162257,somacont@uaivip.com.br,50000,"RUA JOAO ALVES SAMPAIO, 365 - MARIA LUCIA, Capelinha - MG"
Capelinha,MG,FARMA - Farmácia,MEDCAP,33 35164050,tatiane.value@gmail.com,50000,"AVENIDA TRANCREDO NEVES, 715 - PIEDADE, Capelinha - MG"
Capelinha,MG,PET - Petshop,ESTETICA PET,33 91064856,pollyanneazevedo07@gmail.com,50000,"RUA MARILIA DE DIRCEU, 84 - PLANALTO, Capelinha - MG"
Capelinha,MG,PET - Petshop,VALMIR PET SHOP,33 35163255,aranasc@uai.com.br,50000,"RUA DOUTOR HERMELINDO, 455 - CENTRO, Capelinha - MG"
Capelinha,MG,FARMA - Farmácia,FARMACIA DO LADINHO,33 35162040,tatiane.value@gmail.com,30000,"RUA GETULIO VARGAS, 92 - CENTRO, Capelinha - MG"
Capelinha,MG,AGRO - Revenda,AGROPECUARIA VERDE MINAS LTDA,33 35161686,maria jose@mazecont.com.br,30000,"ALAMEDA BEIRA RIO, 78 - CENTRO, Capelinha - MG"
Capelinha,MG,MERCADO - Perecíveis,SUPERMERCADO REAL LIDER,33 35161108,supermercadoreallider@gmail.com,30000,"RUA BELO HORIZONTE, 215 - MARIA LUCIA, Capelinha - MG"
Capelinha,MG,FARMA - Farmácia,DROGARIA BEM ESTAR,33 35161306,multcont_multcont@yahoo.com.br,30000,"RUA ARLINDO JOSE DE OLIVEIRA, 575 - ACACIAS, Capelinha - MG"
Caraí,MG,AGRO - Revenda,AGROPECUARIA @ PAI E FILHO,33 88873660,agropecuariapaiefilho2018@hotmail.com,250000,"PRACA PRINCIPAL, 03 - PONTO DO MARAMBAIA, Caraí - MG"
Caraí,MG,FARMA - Farmácia,DROGARIA ANDRADE,33 84191531,drogariandrade@hotmail.com,105000,"TRAVESSA DAS ANDORINHAS, 68 - PONTO DO MARAMBAIA, Caraí - MG"
Caraí,MG,FARMA - Farmácia,DROGARIA SAMPAIO,33 35225155,drogariasampaiotj@outlook.com,100000,"RUA JOSE VICENTE COIMBRA, 43 - CENTRO, Caraí - MG"
Caraí,MG,FARMA - Farmácia,FARMACIA CENTRAL,33 84399340,esteco@uol.com.br,60000,"RUA PRINCIPAL, 12 - PONTO DO MARAMBAIA, Caraí - MG"
Caraí,MG,MERCADO - Perecíveis,COLLARES 7,33 88257366,collaresevenltda@gmail.com,50000,"RUA PRESIDENTE BERNARDES, 23 - CENTRO, Caraí - MG"
Caraí,MG,MERCADO - Perecíveis,MERCEARIA RESENDE, ,,50000,"RUA DAS GUITARRAS, 21 - MARANHAO, Caraí - MG"
Caraí,MG,FARMA - Farmácia,DROGAFARMA VIEIRA IV,33 37341105,contagui@uai.com.br,48000,"RUA JOSE VICENTE COIMBRA, 172 - CENTRO, Caraí - MG"
Caraí,MG,AGRO - Revenda,CASA DAS RACOES,33 88213541,casadasracoes@hotmail.com.br,40000,"AVENIDA PRESIDENTE CASTELO BRANCO, 240 - CENTRO, Caraí - MG"
Caraí,MG,FARMA - Farmácia,FARMACIA CAMPOS, ,,40000,"RUA JOSE VICENTE COIMBRA, 134 - CENTRO, Caraí - MG"
Caraí,MG,MERCADO - Perecíveis,PADARIA MIRANDA,33 35224564,alfa.cont@yahoo.com.br,40000,"RUA JOSE VICENTE COIMBRA, 127 - CENTRO, Caraí - MG"
Caraí,MG,AGRO - Revenda,AGROPET VETERINARIA BICHO LEGAL,33 35224564,alfa.cont@yahoo.com.br,30000,"RUA PRESIDENTE CASTELO BRANCO, 15 - CENTRO, Caraí - MG"
Caraí,MG,AGRO - Revenda,CASA DO PRODUTOR,33 99901614,rcontab@uai.com.br,30000,"RUA MANOEL COIMBRA, 04 - POVOADO DE MARAMBAINHA, Caraí - MG"
Caraí,MG,FARMA - Farmácia,POSTO DE MEDICAMENTOS MEGA POPULAR,33 35341188,estec@uol.com.br,30000,"RUA DAS GUITARRAS, 21 - MARANHAO, Caraí - MG"
Caraí,MG,FARMA - Farmácia,NOVA VITA FARMA,33 88944778,nvf-gv@outlook.com,30000,"RUA CAMILO BATISTA, 114 - CENTRO, Caraí - MG"
Caraí,MG,AGRO - Revenda,AGROPECUARIACARAI@GMAIL.COM,33 98224844,agropecuariacarai@gmail.com,30000,"RUA JOAQUIM AUGUSTO, 28 - CENTRO, Caraí - MG"
Carbonita,MG,FARMA - Farmácia,DRUGSTORE ROCHA,38 35261255,zitaroc@uai.com.br,100000,"RUA MESTRE ROQUE, 623 - CENTRO, Carbonita - MG"
Carbonita,MG,MERCADO - Perecíveis,SUPERMERCADO SAO GERALDO,38 35261711,supgeraldo@hotmail.com,100000,"RUA JONAS CAMARA, 51 - CENTRO, Carbonita - MG"
Carbonita,MG,FARMA - Farmácia,DROGARIA ALCANTARA,38 35261455,pollianegasquel@globo.com,80000,"AVENIDA JANUARIO RIBEIRO DOS SANTOS, 414 - CENTRO, Carbonita - MG"
Carbonita,MG,MERCADO - Perecíveis,MERCEARIA BARRAL,38 99183910,benevm@uai.com.br,50000,"AVENIDA JANUARIO RIBEIRO, 49 - CENTRO, Carbonita - MG"
Carbonita,MG,PET - Petshop,39.584.147 ALVARO ROCHA GUIMARAES,38 97418951,carbopet@hotmail.com,50000,"10A AVENIDA JANUARIO RIBEIRO, 902 - CENTRO, Carbonita - MG"
Carbonita,MG,PET - Petshop,AGROGIL,38 35261820,actual.gestao@gmail.com,40000,"AVENIDA JANUARIO RIBEIRO DOS SANTOS, 1230 - CENTRO, Carbonita - MG"
Chapada do Norte,MG,AGRO - Revenda,AGROVIDA,33 37391248,contarpaulo@yahoo.com.br,120000,"RUA DURVAL QUEIROGA PINTO, 70 - CENTRO, Chapada do Norte - MG"
Chapada do Norte,MG,FARMA - Farmácia,DROGARIA KARIBE,38 35271261,jarbascontab@yahoo.com.br,100000,"RUA BELA VISTA, 218 - SAO SEBASTIAO DA BOA VISTA, Chapada do Norte - MG"
Chapada do Norte,MG,FARMA - Farmácia,DROGARIA MEDVALE,33 88986461,tatiane.value@gmail.com,50000,"RUA DURVAL QUEIROGA PINTO, 57 - CENTRO, Chapada do Norte - MG"
Chapada do Norte,MG,FARMA - Farmácia,DROGARIA ACALANTO II,38 32226751,diretoria@azteccontabil.com.br,50000,"RUA BELA VISTA, 25 - SAO SEBASTIAO DA BOA VISTA, Chapada do Norte - MG"
Chapada do Norte,MG,FARMA - Farmácia,DROGARIA LHON,33 99005990,jarbas@jarbascontabilidade.com.br,50000,"PRACA VICENTE JORGE, 28 - CACHOEIRA DO NORTE, Chapada do Norte - MG"
Comercinho,MG,FARMA - Farmácia,DROGARIA CENTRAL,33 37321184,dfyrocha@hotmail.com,100000,"PRAÇA NOSSA SENHORA DA CONCEICAO, 172 - CENTRO, Comercinho - MG"
Comercinho,MG,MERCADO - Perecíveis,SUPERMERCADO NOVA ALIANCA,33 98775164,renatogomes.schagas@gmail.com,100000,"PRACA SAGRADA FAMILIA, 47 - AGUA BRANCA DE MINAS, Comercinho - MG"
Comercinho,MG,AGRO - Revenda,APOIO RURAL AGROVETERINARIA,33 37531515,serteco2005@yahoo.com.br,95000,"RUA JOSE ABRANTES DE OLIVEIRA, 108 - CENTRO, Comercinho - MG"
Comercinho,MG,FARMA - Farmácia,BIOPHARMA,33 37321169,dfyrocha@hotmail.com,80000,"PRAÇA NOSSA SENHORA DA CONCEICAO, 183 - CENTRO, Comercinho - MG"
Comercinho,MG,MERCADO - Perecíveis,BAZAR PEREIRA, ,,60000,"PRACA SAGRADA FAMILIA, 200 - AGUA BRANCA DE MINAS, Comercinho - MG"
Comercinho,MG,MERCADO - Perecíveis,COMERCIAL HELLEN, ,,50000,"PRACA SAGRADA FAMILIA, 120 - AGUA B MINAS, Comercinho - MG"
Comercinho,MG,PET - Petshop,CASA DAS RACOES AGRO MINAS,33 99162377,ulissespaulinos96@gmail.com,30000,"PRACA Sagrada Familia, 152 - Agua Branca de Minas - Centro, Comercinho - MG"
Coronel Murta,MG,FARMA - Farmácia,DROGARIA ARCO IRIS,33 37351585,rrcontabilidade2015@hotmail.com,80000,"AVENIDA CELSO MURTA, 45 - CENTRO, Coronel Murta - MG"
Coronel Murta,MG,MERCADO - Perecíveis,COELHO SUPERMERCADO,33 37351585,rrcontabilidade2015@hotmail.com,80000,"AVENIDA OSCAR MURTA, 515 - CENTRO, Coronel Murta - MG"
Coronel Murta,MG,FARMA - Farmácia,DROGACHAMI,33 37351513,astecacontabilidade@hotmail.com,50000,"AVENIDA JOSE FERREIRA FREIRE MURTA, 152 - CENTRO, Coronel Murta - MG"
Coronel Murta,MG,FARMA - Farmácia,BLUE TIMES DROGARIA,33 98831860,ccity@uai.com.br,50000,"AVENIDA JOSE FERREIRA FREIRE MURTA, 16 - CENTRO, Coronel Murta - MG"
Coronel Murta,MG,AGRO - Revenda,FARMACIA RURAL,33 88120725,rrcontabilidade2015@hotmail.com,40000,"RUA PROFESSORA JOANA, 27 - CENTRO, Coronel Murta - MG"
Datas,MG,AGRO - Revenda,AGRODATAS,38 97230639,cristinavictor23@gmail.com,80000,"RUA PADRE AFONSO LIGORIO DE SOUZA, 242 - CENTRO, Datas - MG"
Datas,MG,AGRO - Revenda,RAIZ FORTE INSUMOS AGROPECUARIOS,38 99262737,raizforteinsumos@gmail.com,50000,"FAZENDA LAGES MARGEM MG 367, KM 643 - ZONA RURAL, Datas - MG"
Datas,MG,FARMA - Farmácia,DROGARIA + SAUDE,38 99795639,alberespk@gmail.com',30000,"RUA FRANCISCO TAMEIRAO, 150 - CENTRO, Datas - MG"
Diamantina,MG,MERCADO - Perecíveis,CORDEIRO SUPERMERCADOS,38 35313850,gala@jknet.com.br,50000000,"PRAÇA JOSE AUGUSTO NEVES, 149 - RIO GRANDE, Diamantina - MG"
Diamantina,MG,MERCADO - Perecíveis,HIPERMERCADO MARQUES CENTER,38 35319090,xml@marquescenter.com.br,3000000,"AVENIDA SILVIO FELICIO DOS SANTOS, 755 - BOM JESUS, Diamantina - MG"
Diamantina,MG,FARMA - Farmácia,FARMACIAS FTB,87 96791716,fatimafciatrab@gmail.com,300000,"PRACA CORREA RABELO, 85 - CENTRO, Diamantina - MG"
Diamantina,MG,FARMA - Farmácia,DROGARIA JEQUITINHONHA,38 99701089,drogariajequitinhonha@gmail.com,120000,"AVENIDA JOAO ANTUNES DE OLIVEIRA, 331 - SERRANO, Diamantina - MG"
Diamantina,MG,PET - Petshop,LOJA MIX,38 35316741,lojamix10@yahoo.com.br,100000,"LARGO DOM JOAO, 74 - DOM JOAO, Diamantina - MG"
Diamantina,MG,FARMA - Farmácia,DROGARIA SAUDE & VIDA DRUGSTORE,38 99395261,drogariasaude_vida@yahoo.com.br,100000,"AVENIDA JOAO ANTUNES DE OLIVEIRA, 1001 - CAZUZA, Diamantina - MG"
Diamantina,MG,FARMA - Farmácia,DROGARIA PARATODOS, ,,90000,"PRACA BARAO DO GUAICUI, 82 - CENTRO, Diamantina - MG"
Diamantina,MG,FARMA - Farmácia,DROGARIA POPULAR MINAS BAHIA,38 35312514,rafaelafarmacia@hotmail.com,80000,"RUA DO BICAME, 1412 - BICAME, Diamantina - MG"
Diamantina,MG,FARMA - Farmácia,AMERICANA SAUDE,35 32672224,amauricontabilidade@yahoo.com.br,80000,"AVENIDA SILVIO FELICIO DOS SANTOS, 108 - DOM JOAO, Diamantina - MG"
Diamantina,MG,PET - Petshop,TREM DE PET,38 98292233,tremdepetdtna@gmail.com,80000,"AVENIDA SILVIO FELICIO DOS SANTOS, 248 A - BOM JESUS, Diamantina - MG"
Diamantina,MG,PET - Petshop,CIA DOS BICHOS,38 35317834,contabilidaderodrigues@citel1.com.br,60000,"AVENIDA JOAO ANTUNES DE OLIVEIRA, 331 - CAZUZA, Diamantina - MG"
Diamantina,MG,FARMA - Farmácia,DROGARIA REAL FARMA,38 35311690,realfarma@hotmail.com,60000,"RUA DA PALHA, 1508 - PALHA, Diamantina - MG"
Diamantina,MG,PET - Petshop,AGROSENAS,33 99784224,ronaldoestiva@gmail.com,50000,"RUA DO ROSARIO, 259 - SENADOR MOURAO, Diamantina - MG"
Diamantina,MG,PET - Petshop,RACAO DIAMANTINA,38 35030760,imperiodasracoes@gmail.com,50000,"RUA DA LUZ, 583 - BOM JESUS, Diamantina - MG"
Diamantina,MG,PET - Petshop,PETIC,33 34210297,aredesdistribuidora@hotmail.com,50000,"AVENIDA SILVIO FELICIO DOS SANTOS, 1018 - BOM JESUS, Diamantina - MG"
Diamantina,MG,PET - Petshop,IMPERIO DOS CAES ESCOLA DE ESTETICA CANINA,31 92040711,migueldocarmo58@gmail.com,50000,"AVENIDA SILVIO FELICIO DOS SANTOS, 1094 - BOM JESUS, Diamantina - MG"
Diamantina,MG,PET - Petshop,PAZINI RIPER,38 98041908,pazini.joaldo@hotmail.com,50000,"RUA RIO GRANDE, 370 - RIO GRANDE, Diamantina - MG"
Diamantina,MG,FARMA - Farmácia,FARMACIA CAMPINAS LTDA,38 98456787,contabilidadealves2018@gmail.com,50000,"RUA DO ROSARIO, 55 - SENADOR MOURAO, Diamantina - MG"
Diamantina,MG,FARMA - Farmácia,DROGARIA REALFARMA,38 35310001,realfarma@hotmail.com,50000,"RUA PROFESSOR JOSE AUGUSTO NEVES, 120 - RIO GRANDE, Diamantina - MG"
Diamantina,MG,FARMA - Farmácia,VITAFARMA,38 35317179,vitafarmadtna@outlook.com,50000,"RUA DO BICAME, 1420 - BICAME, Diamantina - MG"
Diamantina,MG,FARMA - Farmácia,DROGARIA ARRAIAL LTDA,38 35313550,prodadosdiamantina@hotmail.com,45900,"PRACA DR CARLOS OTONI, 416 - CENTRO, Diamantina - MG"
Diamantina,MG,FARMA - Farmácia,FARMACIA LOURDES,38 88034922,andrelnery@yahoo.com.br,40000,"RUA VEREADOR JOAQUIM MACHADO, 28 - CENTRO, Diamantina - MG"
Diamantina,MG,PET - Petshop,MB EMPREENDIMENTOS COMERCIAIS,38 99673040,contabilidadecamargo@yahoo.com.br,40000,"RUA DIREITA, 47 - INHAI, Diamantina - MG"
Diamantina,MG,PET - Petshop,IRMAOS MEDEIROS LOJA AGROPECUARIA,38 99784636,ericamedeiros46@gmail.com,35000,"RUA MESTRA FILOMENA, 300 - SOPA, Diamantina - MG"
Diamantina,MG,MERCADO - Perecíveis,SUPERMERCADO BARROSO, ,,30000,"PRACA SOTER PADUA OLIVEIRA, 77 - VILA OPERARIA, Diamantina - MG"
Diamantina,MG,MERCADO - Perecíveis,SUPERMERCADOS SAO GONCALO,38 35331263,ssg2.xml@gmail.com,30000,"RUA NOSSA SENHORA APARECIDA, 13 - BELA VISTA, Diamantina - MG"
Diamantina,MG,MERCADO - Perecíveis,COMERCIAL SAO PEDRO,38 98113043,contabilolimpiomartins@gmail.com,30000,"RUA GUTEMBERG, 113 - CENTRO, Diamantina - MG"
Diamantina,MG,FARMA - Farmácia,DROGARIA DOM JOAO - LOJA 03,38 35431594,realcontgouveia@hotmail.com,30000,"RUA DA PALHA, 1061 - PALHA, Diamantina - MG"
Divisópolis,MG,MERCADO - Perecíveis,O BARATEIRO,33 88604826,edhy35@hotmail.com,500000,"PRACA SERGIO CHAVES, 90 A - CENTRO, Divisópolis - MG"
Divisópolis,MG,FARMA - Farmácia,ULTRAFARMA DE DIVISOPOLIS,77 34392420,edhy35@hotmail.com,124000,"RUA ANGELO NASCIMENTO, 95 - CENTRO, Divisópolis - MG"
Divisópolis,MG,AGRO - Revenda,JOSE NILTO CARDOSO DE SOUZA,33 37241291,contabilidademonteiro2@gmail.com,110000,"RUA FETAEMG, 105 - CENTRO, Divisópolis - MG"
Divisópolis,MG,AGRO - Revenda,AGROCAMPO,33 37241291,contabilidademonteiro2@gmail.com,110000,"RUA EUDES MENDES, 157 - ALVORADA, Divisópolis - MG"
Divisópolis,MG,MERCADO - Perecíveis,AUTO CENTER TIQUIN SOLDAS,33 88848698,autoctiquinsoldas@hotmail.com,100000,"RUA HORMINIO PEREIRA, 1355 - ALVORADA, Divisópolis - MG"
Divisópolis,MG,MERCADO - Perecíveis,SUPERMERCADO DIVISOPOLIS,33 37241291,contatocontabilidade@yahoo.com.br,70000,"AVENIDA ALBERTO VICENTE PEREIRA, 748 - BOA VISTA, Divisópolis - MG"
Divisópolis,MG,FARMA - Farmácia,FARMACIA LIDER,33 37241547,luziene.oliveiraborges@gmail.com,70000,"RUA EUDES MENDES, 32 - CENTRO, Divisópolis - MG"
Divisópolis,MG,AGRO - Revenda,AGROPET,33 88451645,wilson.mares2@gmail.com,70000,"10A AVENIDA ALBERTO VICENTE PEREIRA, 426 - CENTRO, Divisópolis - MG"
Divisópolis,MG,FARMA - Farmácia,FARMACIA AVENIDA,33 37241291,contabilidademonteiro2@gmail.com,50000,"AVENIDA ALBERTO VICENTE PEREIRA, 689 - CENTRO, Divisópolis - MG"
Divisópolis,MG,FARMA - Farmácia,NOVA PHARMA DIVISOPOLIS,33 87102818,contatocontabilidade@yahoo.com.br,50000,"AVENIDA ALBERTO VICENTE PEREIRA, 702 - CENTRO, Divisópolis - MG"
Divisópolis,MG,MERCADO - Perecíveis,MADRUGADAO,33 87305243,martamatiasdeandrade@gmail.com,50000,"RUA GRIMALDO ALVES VIANA, 140 - MINAS GERAIS, Divisópolis - MG"
Divisópolis,MG,PET - Petshop,49.290.795 JULMAR PEREIRA DA ROCHA,33 98047627,julmarp740@gmail.com,50000,"RUA SAO PEDRO, 450 - MINAS GERAIS, Divisópolis - MG"
Divisópolis,MG,MERCADO - Perecíveis,MERCEARIA BOA VISTA,33 37241291,contabilidademonteiro2@gmail.com,30000,"RUA PAULO CESAR SOUZA VIANA, 1425 - BOA VISTA, Divisópolis - MG"
Divisópolis,MG,FARMA - Farmácia,FARMACIA MENOR PRECO,33 37216637,eccor45@gmail.com,30000,"PRACA CORONEL MANFREDO FERREIRA SOUZA, 96 - CENTRO, Divisópolis - MG"
Divisópolis,MG,AGRO - Revenda,AGRIPEC PRODUTOS AGROPECUARIOS,33 37241291,ivanmonteiro2006@yahoo.com.br,30000,"PRACA SERGIO CHAVES, 28 - CENTRO, Divisópolis - MG"
Divisópolis,MG,MERCADO - Perecíveis,SUPERMERCADO RIBEIRO,33 37241291,ivanmonteiro2006@yahoo.com.br,30000,"PRACA SERGIO CHAVES, 129 - CENTRO, Divisópolis - MG"
Felisburgo,MG,MERCADO - Perecíveis,SUPERMERCADO SOUZA & SOUZA,33 88037810,contato@gsaminas.com.br,100000,"RUA GOVERNADOR MAGALHAES PINTO, 285 - CENTRO, Felisburgo - MG"
Felisburgo,MG,MERCADO - Perecíveis,SUPERMERCADO SOUZA & SOUZA,33 37431004,,88000,"RUA GOVERNADOR MAGALHAES PINTO, 285 - CENTRO, Felisburgo - MG"
Felisburgo,MG,PET - Petshop,AGROVETERINARIA ZOOPET,33 87502051,araujo.contabilidade15@hotmail.com,60000,"RUA GOVERNADOR MAGALHAES PINTO, 641 - CENTRO, Felisburgo - MG"
Felisburgo,MG,FARMA - Farmácia,DROGARIA AVENIDA,33 37431315,araujo.contabilidade15@hotmail.com,50000,"AVENIDA BRASIL, 400 - CENTRO, Felisburgo - MG"
Felisburgo,MG,MERCADO - Perecíveis,SUPERMERCADO DO VALLE,33 37431636,araujo.contabilidade15@hotmail.com,50000,"RUA SANTOS ALVES MAGALHAES, 267 - CENTRO, Felisburgo - MG"
Felisburgo,MG,FARMA - Farmácia,DROGARIA NOVA ERA,33 37431258,araujo.contabilidade15@hotmail.com,50000,"AVENIDA BRASIL, 542 - CENTRO, Felisburgo - MG"
Felisburgo,MG,AGRO - Revenda,PELOSO MUNDOPET,31 93302604,araujo.contabilidade15@hotmail.com,50000,"PRACA SAO SEBASTIAO, 669 - CENTRO, Felisburgo - MG"
Felisburgo,MG,FARMA - Farmácia,DROGARIA FAMILIA,33 87194436,araujo.contabilidade15@hotmail.com,50000,"AVENIDA BRASIL, 900 - CENTRO, Felisburgo - MG"
Felisburgo,MG,FARMA - Farmácia,FARMACIA DO TRABALHADOR,33 99578717,araujo.contabilidade15@hotmail.com,50000,"AVENIDA BRASIL, 595 - CENTRO, Felisburgo - MG"
Felisburgo,MG,FARMA - Farmácia,DROGARIAS FELISBURGO, ,,30000,"PRACA TRANQUILINO PINTO COELHO, 245 - CENTRO, Felisburgo - MG"
Felício dos Santos,MG,MERCADO - Perecíveis,SUPERMERCADO IDEAL,38 99521255,emerson_canuto@hotmail.com,150000,"RUA JOAQUIM VELOSO, 17 - CENTRO, Felício dos Santos - MG"
Felício dos Santos,MG,FARMA - Farmácia,DROGARIA VIDA FARMA LTDA,38 35231206,souza.contabilidade@hotmail.com,50000,"RUA FELICIANO CANUTO, 20 - CENTRO, Felício dos Santos - MG"
Felício dos Santos,MG,AGRO - Revenda,AGROMIL,38 98981506,agromilfelicio@yahoo.com.br,40000,"RUA JOAQUIM VELOSO, 51 - CENTRO, Felício dos Santos - MG"
Felício dos Santos,MG,FARMA - Farmácia,DROGARIA CENTER FARMA,38 98329241,drogcenterfarma@yahoo.com,30000,"PRACA SAGRADO CORACAO DE JESUS, 27 - CENTRO, Felício dos Santos - MG"
Francisco Badaró,MG,FARMA - Farmácia,DROGARIA SUCURIU,33 88283113,drogariasucuriu@hotmail.com,110000,"RUA DIREITA, 168 - CENTRO, Francisco Badaró - MG"
Francisco Badaró,MG,MERCADO - Perecíveis,SUPERMINAS SUPERMERCADO,33 88060988,superminasmercearia@yahoo.com.br,100000,"AVENIDA JOAO PINHEIRO, 140 - NOSSA SENHORA DE FATIMA, Francisco Badaró - MG"
Francisco Badaró,MG,PET - Petshop,MERCADO RURAL,33 37381434,mercadorural01@hotmail.com,80000,"RUA DO MERCADO, 18 - CENTRO, Francisco Badaró - MG"
Francisco Badaró,MG,FARMA - Farmácia,DROGARIA NOSSA SENHORA DO ROSARIO,33 88465276,drog.rosario@yahoo.com.br,49000,"RUA DO ROSARIO, 309 A - ROSARIO, Francisco Badaró - MG"
Francisco Badaró,MG,FARMA - Farmácia,DROGARIA SAO SEBASTIAO,33 37381152,contabilidadeadalton@hotmail.com,30000,"RUA DIREITA, 224 - CENTRO, Francisco Badaró - MG"
Gouveia,MG,FARMA - Farmácia,BIOMAXFARMA BIAS FORTES LTDA,37 32130306,processo@onnegestaocontabil.com.br,1700000,"AVENIDA JUSCELINO KUBITSCHEK, 770 - CENTRO, Gouveia - MG"
Gouveia,MG,FARMA - Farmácia,REDE BIOMAX,38 98400475,processo@onnegestaocontabil.com.br,200000,"AVENIDA JUSCELINO KUBITSCHEK, 770 - CENTRO, Gouveia - MG"
Gouveia,MG,FARMA - Farmácia,DROGARIA SHOPFARMA LTDA,11 41628125,drogashopfarma@gmail.com,100000,"AVENIDA JUCELINO KUBITSCHEK, 1049A - CENTRO, Gouveia - MG"
Gouveia,MG,MERCADO - Perecíveis,OPCAO COMERCIAL KOBU LTDA, ,,100000,"AVENIDA JUSCELINO KUBITSCHEK, 934 - CENTR, Gouveia - MG"
Gouveia,MG,FARMA - Farmácia,FARMACIA AUXILIADORA, ,,100000,"AVENIDA JUSCELINO KUBITSCHEK, 866 - CENTRO, Gouveia - MG"
Gouveia,MG,FARMA - Farmácia,GABIFARMA,38 35431103,contabilidadeestrategia@hotmail.com,80000,"PRACA PADRE JOSE MACHADO, 728 - CENTRO, Gouveia - MG"
Gouveia,MG,MERCADO - Perecíveis,SUPERMERCADO MOURA,38 35432307,supermercado_moura@outlook.com,50000,"AVENIDA JUSCELINO KUBITSCHEK, 1031 - CENTRO, Gouveia - MG"
Gouveia,MG,PET - Petshop,CASA DE RACAO GOUVEIA,38 35431351,joelmacontabil@yahoo.com.br,40000,"AVENIDA JUSCELINO KUBITSCHEK, 1249 - CENTRO, Gouveia - MG"
Gouveia,MG,PET - Petshop,AGROPECUARIA SOUZA,38 99768353,janainadasilva1213@gmail.com,40000,"AVENIDA JK, 1249 - CENTRO, Gouveia - MG"
Gouveia,MG,MERCADO - Perecíveis,CASA COMERCIAL MARIO MARIA LTDA, ,,30000,"AVENIDA JUSCELINO KUBITSCHEK, 1021 - CENTRO, Gouveia - MG"
Itamarandiba,MG,MERCADO - Perecíveis,ALVES SUPERMERCADOS,38 35212399,cadastrofiscal@escritaonline.cnt.br,2100000,"RUA JUREMA, 29 - SAO GERALDO, Itamarandiba - MG"
Itamarandiba,MG,MERCADO - Perecíveis,CENTER BARATEIRO,38 35213341,siare@escritaonline.cnt.br,500000,"RUA DONA VITORIA, 69 - BOM JESUS, Itamarandiba - MG"
Itamarandiba,MG,FARMA - Farmácia,NOVAFARMA DROGARIA,38 35212488,actual.gestao@gmail.com,450000,"RUA CORONEL GENTIL FERNANDES, 48 - CENTRO, Itamarandiba - MG"
Itamarandiba,MG,FARMA - Farmácia,DROGARIA E PERFUMARIA FLORESTAL LIMITADA,38 35212488,actual.gestao@gmail.com,300000,"PRACA DOS AGRICULTORES, 152 - CENTRO, Itamarandiba - MG"
Itamarandiba,MG,MERCADO - Perecíveis,HIPERMERCADO MACOL,38 35211355,hipermacol@yahoo.com,130000,"RUA TIRADENTES, 60 - CENTRO, Itamarandiba - MG"
Itamarandiba,MG,PET - Petshop,CASA DO PRODUTOR E CONSTRUTOR,38 35211497,valdirenemourao@hotmail.com,104500,"AVENIDA JEQUITINHONHA, 18 - CENTRO, Itamarandiba - MG"
Itamarandiba,MG,PET - Petshop,AGROPECUARIA UNIAO,38 35211590,contabilidademarianamoreira@gmail.com,100000,"RUA DIAMANTINA, 1927 - PRIMEIRO DE MAIO, Itamarandiba - MG"
Itamarandiba,MG,MERCADO - Perecíveis,EDILA MARIA MARTINS SANTOS UNIPESSOAL LTDA,38 99205508,joaopms223@gmail.com,100000,"PRACA DONA OTILIA, 44 - FAZENDINHA, Itamarandiba - MG"
Itamarandiba,MG,FARMA - Farmácia,DROGARIA ITAMARANDIBA LTDA,38 35213000,drogaita@gmail.com,100000,"RUA PADRE JOAO AFONSO, 122 - CENTRO, Itamarandiba - MG"
Itamarandiba,MG,MERCADO - Perecíveis,DISTRIBUIDORA DE ALIMENTOS GRR ALVES LTDA,38 35212399,cadastrofiscal@escritaonline.cnt.br,100000,"RUA PROGRESSO, 22A - PRIMEIRO DE MAIO, Itamarandiba - MG"
Itamarandiba,MG,FARMA - Farmácia,DROGACENTER,38 35211419,drogacenterjc@hotmail.com,100000,"PRACA DOS AGRICULTORES, 200-A - CENTRO, Itamarandiba - MG"
Itamarandiba,MG,FARMA - Farmácia,ITA VIDA FARMA,38 35211497,valdirenemourao@hotmail.com,100000,"RUA ESPIRITO SANTO, 202 - SAO GERALDO, Itamarandiba - MG"
Itamarandiba,MG,PET - Petshop,ITA RURAL AGROPECUARIA E PET SHOP,38 35211355,hiannebarroso@yahoo.com.br,100000,"RUA CORONEL GENTIL FERNANDES, 36 - CENTRO, Itamarandiba - MG"
Itamarandiba,MG,FARMA - Farmácia,DROGARIA E PERFUMARIA INOVAR,33 88710245,sidneysantos57@yahoo.com.br,80000,"RUA ITAMARANDIBA 1 BB, 45 - PADRE JOAO AFONSO, Itamarandiba - MG"
Itamarandiba,MG,PET - Petshop,SHOPPING DO PRODUTOR,38 35213315,contabilidadebarroso@yahoo.com.br,70000,"AVENIDA JEQUITINHONHA, 18 - CENTRO, Itamarandiba - MG"
Itamarandiba,MG,FARMA - Farmácia,FARMACIA NOSSA SENHORA APARECIDA,38 35212837,ailtonguim@hotmail.com,60000,"RUA DIAMANTINA, 765 - PRIMEIRO DE MAIO, Itamarandiba - MG"
Itamarandiba,MG,PET - Petshop,AGRODIM - AGROPECUARIA E PET SHOPPING,38 35211497,valdirenemourao@hotmail.com,50000,"RUA PRIMAVERA, 51 - CENTRO, Itamarandiba - MG"
Itamarandiba,MG,FARMA - Farmácia,DROGARIA E PERFUMARIA GANDRA LTDA,38 35211400,marquim@crcmg.org.br,50000,"PRACA AGRICULTORES, 07 - CENTRO, Itamarandiba - MG"
Itamarandiba,MG,FARMA - Farmácia,DROGARIA DROGAVALLE,38 35211497,valdirenemourao@hotmail.com,50000,"RUA SAO JOAO EVANGELISTA, 554 - PRIMEIRO DE MAIO, Itamarandiba - MG"
Itamarandiba,MG,FARMA - Farmácia,FARMA MAIS,33 99032470,farma.mais@yahoo.com,50000,"RUA DIAMANTINA, 32 - CENTRO, Itamarandiba - MG"
Itamarandiba,MG,FARMA - Farmácia,DROGARIA DROGAVALLE,38 35211497,valdirenemourao@hotmail.com,50000,"RUA SAO JOAO EVANGELISTA, 554 - PRIMEIRO DE MAIO, Itamarandiba - MG"
Itamarandiba,MG,PET - Petshop,CASA DE RACAO MOREIRA E TRANSPORTES LTDA,38 98755919,robertocarlosmoreira02@gmail.com,50000,"FAZENDA SALGADINHO, SN - ZONA RURAL, Itamarandiba - MG"
Itamarandiba,MG,MERCADO - Perecíveis,COMERCIAL ECONOMIZE,38 35215038,pollianegasquel@globo.com,50000,"RUA DIAMANTINA, 22 - POVOADO PADRE JOAO AFONSO, Itamarandiba - MG"
Itamarandiba,MG,MERCADO - Perecíveis,CASA LEAL, ,,50000,"RUA CAPITAO PAULO, 213 - CENTRO, Itamarandiba - MG"
Itamarandiba,MG,FARMA - Farmácia,DROGARIA FACIL,38 35211355,hiannebarroso@yahoo.com.br,40000,"RUA FAZENDINHA, 117 - FAZENDINHA, Itamarandiba - MG"
Itamarandiba,MG,FARMA - Farmácia,DROGA TREVO,38 35211400,contabilidadesaogeraldo@hotmail.com,40000,"RUA DIAMANTINA, 840 - SAO GERALDO, Itamarandiba - MG"
Itamarandiba,MG,AGRO - Revenda,AGROPECUARIA ROCHA OLIVEIRA LTDA,38 97271841,contabilidadesaogeraldo@hotmail.com,30000,"PRACA MANOEL VIEIRA ROCHA, 51 - CONTRATO, Itamarandiba - MG"
Itamarandiba,MG,AGRO - Revenda,AGROPECUARIA CONTRATO,38 99035048,contabilidadesaogeraldo@hotmail.com,30000,"RUA ARICANDUVA, 118 - CONTRATO, Itamarandiba - MG"
Itamarandiba,MG,FARMA - Farmácia,FARMACIA PRECO BAIXO,27 30793592,contabilidadesaogeraldo@hotmail.com,30000,"AVENIDA LEVI MOREIRA, 6A - CENTRO, Itamarandiba - MG"
Itamarandiba,MG,FARMA - Farmácia,DROGARIA E PERFUMARIA SAO JUDAS, ,,30000," RU A CORONEL GENTIL FERNANDES, 64 - CENTRO, Itamarandiba - MG"
Itamarandiba,MG,PET - Petshop,DOG E CAT,38 88128857,dogecat.itamarandiba1@gmail.com,30000,"RUA SAO VICENTE, 06 - SAO GERALDO, Itamarandiba - MG"
Itamarandiba,MG,FARMA - Farmácia,FARMACIA NOSSA SENHORA APARECIDA,38 35212837,contabilidadesaogeraldo@hotmail.com,30000,"RUA ESPIRITO SANTO, 305 - SAO GERALDO, Itamarandiba - MG"
Itamarandiba,MG,FARMA - Farmácia,DROGARIA BOA VISTA,38 35211355,hiannebarroso@yahoo.com.br,30000,"RUA DIAMANTINA, 312 - CENTRO, Itamarandiba - MG"
Itamarandiba,MG,FARMA - Farmácia,FARMACIA PRECO BAIXO,38 35213162,contabilidadesaogeraldo@hotmail.com,30000,"RUA TIRADENTES, 96 - CENTRO, Itamarandiba - MG"
Itamarandiba,MG,PET - Petshop,"MUNDO DOS PETS BANHO,TOSA E HOSPEDAGEM",38 91126119,goncalvesflavio927@gmail.com,30000,"RUA SAO VICENTE, 06 - SAO GERALDO, Itamarandiba - MG"
Itaobim,MG,MERCADO - Perecíveis,REDE ORNELAS,33 37531364,siare@escritaonline.cnt.br,261000,"AVENIDA RIO BAHIA, 1140 - CENTRO, Itaobim - MG"
Itaobim,MG,FARMA - Farmácia,MEDPHARMA,33 99967779,medpharma.drograria01@gmail.com,150000,"AVENIDA VEREADOR ALTAIR FARIAS GOMES, 229A - SAO JORGE, Itaobim - MG"
Itaobim,MG,MERCADO - Perecíveis,SUPERMERCADO AVENIDA,33 99643070,contabilidadeaguilar@hotmail.com,100000,"AVENIDA SAO ROQUE, 796 - SANTO ANTONIO, Itaobim - MG"
Itaobim,MG,MERCADO - Perecíveis,SUPERMERCADO DUDU,33 37344065,contagui@uai.com.br,80000,"RUA AFONSO MARTINS, 369 - SAO JOAO GRANDE, Itaobim - MG"
Itaobim,MG,FARMA - Farmácia,ULTRA MAIS,33 99558038,warla365@gmail.com,80000,"RUA PADRE PARAISO, 516 - SANTO ANTONIO, Itaobim - MG"
Itaobim,MG,MERCADO - Perecíveis,MERCEARIA GUADALUPE,33 37341565,gildeteps@hotmail.com,70000,"RUA PROFESSORA DEYS LOPES JARDIM, 403 - GUADALUPE, Itaobim - MG"
Itaobim,MG,AGRO - Revenda,CASA VETERINARIA TORRES, ,,70000,"RUA BELO HORIZONTE, 48 - CENTRO, Itaobim - MG"
Itaobim,MG,PET - Petshop,57.767.970 DAMIAO COSME FERREIRA DA SILVA,33 98191224,lojaamigodocampo@gmail.com,63000,"RUA TANCREDO NEVES, 38 - COMUNIDADE SAO JOAO, Itaobim - MG"
Itaobim,MG,FARMA - Farmácia,DROGARIA SALOMAO DRUGSTORE,33 85275447,mastercontabilto@gmail.com,60000,"RUA BELO HORIZONTE, 295 - CENTRO, Itaobim - MG"
Itaobim,MG,FARMA - Farmácia,USA FARMA,33 37342540,rhwtcontabilidade@gmail.com,60000,"RUA BELO HORIZONTE, 242 - CENTRO, Itaobim - MG"
Itaobim,MG,MERCADO - Perecíveis,AMORIM SUPERMERCADOS,33 37341212,brazilamorimloja513@hotmail.com,60000,"RUA BELO HORIZONTE, 513 - CENTRO, Itaobim - MG"
Itaobim,MG,MERCADO - Perecíveis,AMORIM SUPERMERCADOS,33 37341335,brazilamorimloja10@hotmail.com,60000,"RUA BELO HORIZONTE, 10 - CENTRO, Itaobim - MG"
Itaobim,MG,MERCADO - Perecíveis,ARMAZEM E MERCEARIA DO TIO RO,33 99286628,rogeriogil157@gmail.com,60000,"RUA SERGIPE, 474 - CENTRO, Itaobim - MG"
Itaobim,MG,FARMA - Farmácia,DROGARIA SAO JORGE, ,,60000,"AVENIDA RIO BAHIA, 719 - SAO JORGE, Itaobim - MG"
Itaobim,MG,AGRO - Revenda,AGROMATOS,33 99514446,rclestolanoagricola@gmail.com,60000,"AVENIDA RIO BAHIA, 681 - SAO JORGE, Itaobim - MG"
Itaobim,MG,FARMA - Farmácia,GAMA2,33 91372728,renatomilla@hotmail.com,50000,"RUA AMAZONAS, 59 - CENTRO, Itaobim - MG"
Itaobim,MG,MERCADO - Perecíveis,POUSADA E RESTAURANTE UNIAO,33 99776644,renaefilhos2017@gmail.com,50000,"AVENIDA RIO BAHIA, 271 - SAO JORGE, Itaobim - MG"
Itaobim,MG,FARMA - Farmácia,SAUDE FARMA ITAOBIM,33 37341626,ccity@uai.com.br,50000,"AVENIDA WALTER OLIVEIRA,, 890 - ALVORADA, Itaobim - MG"
Itaobim,MG,MERCADO - Perecíveis,SACOLAO CHEIA,33 98695608,sacolacheiarb@gmail.com,50000,"RUA PARAIBA, 1330 - GUADALUPE, Itaobim - MG"
Itaobim,MG,MERCADO - Perecíveis,MERCEARIA AVENIDA,33 99826215,gildeteps@hotmail.com,50000,"AVENIDA SAO ROQUE, 795 - SAO JORGE, Itaobim - MG"
Itaobim,MG,MERCADO - Perecíveis,SUPERMERCADO OPCAO,33 37341108,jga.contabil@ibest.com.br,50000,"RUA BELO HORIZONTE, 538 - CENTRO, Itaobim - MG"
Itaobim,MG,MERCADO - Perecíveis,SUPERMERCADO OLIVEIRA, ,,41240,"RUA BELO HORIZONTE, 513 - CENTRO, Itaobim - MG"
Itaobim,MG,FARMA - Farmácia,DROGARIA SIMOES,33 99026493,dsitaobim01@gmail.com,40000,"RUA BELO HORIZONTE, 222 - CENTRO, Itaobim - MG"
Itaobim,MG,PET - Petshop,34.026.895 LUIS ANTONIO PEREIRA CORREA OLIVEIRA,33 97336933,luispereiracorrea@gmail.com,35000,"RUA DESY LOPES JARDIM, 484 - GUADALUPE, Itaobim - MG"
Itaobim,MG,FARMA - Farmácia,DROGARIA BRASIL,33 37341626,ccity@hotmail.com.br,30000,"RUA BELO HORIZONTE, 391 - CENTRO, Itaobim - MG"
Itaobim,MG,PET - Petshop,BICHOS & CAPRICHOS,33 99739114,contabil@assessoriashalon.com,30000,"RUA BELO HORIZONTE, 209 - CENTRO, Itaobim - MG"
Itaobim,MG,AGRO - Revenda,AGROPECUARIA RP,33 99265665,zacavet@yahoo.com.br,30000,"AVENIDA RIO BAHIA, 772 - CENTRO, Itaobim - MG"
Itinga,MG,FARMA - Farmácia,DROGARIA PLANALTO,33 99636640,dnacont@outlook.com,110000,"RUA JEQUITINHONHA, 16 - PLANALTO, Itinga - MG"
Itinga,MG,PET - Petshop,AGROVALE AGROPECUARIA,33 98398179,danilo.marques.av@gmail.com,100000,"AVENIDA MARECHAL RONDON, 431 - CENTRO, Itinga - MG"
Itinga,MG,MERCADO - Perecíveis,SUPERMERCADO ANTUNES,33 85869857,anaclara-cm2s@hotmail.com,100000,"AVENIDA EXPEDICIONARIO DAVID TURIBIO, 200 - CENTRO, Itinga - MG"
Itinga,MG,FARMA - Farmácia,DROGARIA NOVA ESPERANCA,33 37331778,celso.itinga@hotmail.com,50000,"PRACA HERMELINO GUSMAO, 38 - CENTRO, Itinga - MG"
Itinga,MG,FARMA - Farmácia,DROGARIA BOM PRECO,33 91694618,dental_minas@hotmail.com,50000,"PRACA PREFEITO PERCILIO GUSMAO, 20 - CENTRO, Itinga - MG"
Itinga,MG,FARMA - Farmácia,DROGARIA CENTRAL,33 88222950,contabilidadeaguilar@hotmail.com,50000,"AVENIDA SANTA CRUZ, 173 - CENTRO, Itinga - MG"
Itinga,MG,FARMA - Farmácia,DROGARIA BOM PRECO,33 99914625,igormamoraes@gmail.com,50000,"PRACA PREFEITO PERCILIO GUSMAO, 20 - CENTRO, Itinga - MG"
Itinga,MG,FARMA - Farmácia,DROGAFARMA VIEIRA IV,33 37331225,contagui@uai.com.br,50000,"AVENIDA PROFESSORA MARIA ANTONIA GONCALVES REIS, 01 - CENTRO, Itinga - MG"
Itinga,MG,FARMA - Farmácia,DROGARIA SAO DOMINGOS,33 37331772,contabilidadeaguilar@hotmail.com,50000,"AVENIDA SANTA CRUZ, 116 - CENTRO, Itinga - MG"
Itinga,MG,FARMA - Farmácia,FARMACIA,33 30863888,flavio.contador@hotmail.com,40000,"RUA DA IGREJA, 142 - PORTO ALEGRE, Itinga - MG"
Itinga,MG,AGRO - Revenda,MERCADO RURAL, ,,30000,"RUA RUI BARBOSA, 18 - CENTRO, Itinga - MG"
Itinga,MG,AGRO - Revenda,MERCADO AGROCAMPO BIDINHA,33 37331202,marcelos_vieira@hotmail.com,30000,"PRAÇA HERMELINO GUSMAO, 38 - CENTRO, Itinga - MG"
Jacinto,MG,MERCADO - Perecíveis,FARIA SUPERMERCADO,31 38223060,contato@amplasolucoescontabeis.com.br,300000,"RUA EZAU BONFIM, 1.127 - CENTRO, Jacinto - MG"
Jacinto,MG,MERCADO - Perecíveis,ATACADAO SACOLA CHEIA LTDA,33 37211060,siare@escritaonline.cnt.br,270000,"RUA DOUTOR ERICO LEMES LEITE, 335 - CENTRO, Jacinto - MG"
Jacinto,MG,FARMA - Farmácia,FARMAVIDA,33 37231249,carvalhomarcone@hotmail.com,100000,"RUA PREFEITO ANTONIO QUARESMA, 940 - CENTRO, Jacinto - MG"
Jacinto,MG,FARMA - Farmácia,DROGARIA + SAUDE,33 88458382,drogariaperfumariamaissaude@gmail.com,50000,"AVENIDA ANTONIO FERREIRA LUCIO, 480 - CENTRO, Jacinto - MG"
Jacinto,MG,FARMA - Farmácia,POSTO DE MEDICAMENTOS TEXEIRA,33 87620164,protecmg@yahoo.com.br,50000,"RUA NOSSA SENHORA APARECIDA, 131 - AVAI, Jacinto - MG"
Jacinto,MG,FARMA - Farmácia,FARMACIA POPULAR,33 88067997,lidioalves2011@hotmail.com,50000,"RUA PREFEITO ANTONIO QUARESMA, 348 - CENTRO, Jacinto - MG"
Jacinto,MG,FARMA - Farmácia,DROGARIA PAGUE MENOS LTDA,38 88416708,wedsoncontador@gmail.com,48000,"AVENIDA PREFEITO ANTONIO QUARESMA, 780 - CENTRO, Jacinto - MG"
Jacinto,MG,MERCADO - Perecíveis,SUPERMERCADO JACINTO LTDA,33 98832930,supermercadojacintoltda@gmail.com,30000,"AVENIDA DEFENSOR PUBLICO FABIO NONATO RUAS, 273 - CENTRO, Jacinto - MG"
Jenipapo de Minas,MG,FARMA - Farmácia,DROGARIA JENIPAPO LTDA,33 98508054,drogamaissaude2021@yahoo.com,150000,"RUA POUSO ALEGRE, 249 - LAGOINHA, Jenipapo de Minas - MG"
Jenipapo de Minas,MG,FARMA - Farmácia,DROGARIA MINAS DO VALE LTDA,33 37389113,roxocont@uai.com,100000,"RUA DIREITA, 511 - CENTRO, Jenipapo de Minas - MG"
Jequitinhonha,MG,FARMA - Farmácia,DISTRIBUIDORA CENTER NUNES LTDA,33 99085702,centernunes.rc@gmail.com,500000,"PRACA PRIMAVERA, 10 - NOVA ESPERANCA, Jequitinhonha - MG"
Jequitinhonha,MG,MERCADO - Perecíveis,SUPERMERCADO CINCO ESTRELAS,33 37412111,siare@escritaonline.cnt.br,200000,"AVENIDA DOUTOR FRANCO DUARTE, 286 - CENTRO, Jequitinhonha - MG"
Jequitinhonha,MG,FARMA - Farmácia,DROGARIA SAO FRANCISCO,33 95959561,contato@gsaminas.com.br,132000,"AVENIDA BRASIL, 259 - CENTRO, Jequitinhonha - MG"
Jequitinhonha,MG,FARMA - Farmácia,DROGARIA PRECO POPULAR,33 99722582,lmendesmiranda@gmail.com,110195,"AVENIDA DR FRANCO DUARTE, 567 - CENTRO, Jequitinhonha - MG"
Jequitinhonha,MG,FARMA - Farmácia,DROGARIA CONFIANCA,33 37412152,drogariaconfianca@hotmail.com,100000,"RUA PROFESSOR MANOEL DO NORTE, 191 - ALVORADA, Jequitinhonha - MG"
Jequitinhonha,MG,MERCADO - Perecíveis,SUPER CICERO,33 37411649,super-cicero@bol.com.br,100000,"RUA MOACYR FIGUEIREDO DE SOUZA, 171 - ALVORADA, Jequitinhonha - MG"
Jequitinhonha,MG,FARMA - Farmácia,FARMA BRASIL,33 37412086,farmabrasil.jequi@hotmail.com,100000,"RUA HENRIQUE HETMANN, 15 - CENTRO, Jequitinhonha - MG"
Jequitinhonha,MG,AGRO - Revenda,BETO AGROPECUARIA,33 99044734,barranovabeto@gmail.com,60000,"PRACA CEL FRANCO, 34 - CENTRO, Jequitinhonha - MG"
Jequitinhonha,MG,FARMA - Farmácia,DROGARIA FARMINAS,33 37411250,contato@gsaminas.com.br,50000,"RUA PREFEITO ISIDORO MURTA, 21 - CENTRO, Jequitinhonha - MG"
Jequitinhonha,MG,MERCADO - Perecíveis,MERCEARIA PEDROSO,33 99397865,israelpedroso41@gmail.com,50000,"12A RUA PROFESSOR MANOEL DO NORTE, 215 - MONTES CLAROS, Jequitinhonha - MG"
Jequitinhonha,MG,FARMA - Farmácia,DROGARIA AVENIDA LTDA,33 37411870,josejequi.lino@yahoo.com.br,50000,"AVENIDA DR FRANCO DUARTE, 597 - CENTRO, Jequitinhonha - MG"
Jequitinhonha,MG,FARMA - Farmácia,DISMED,33 98053175,calmeidacontadora@yahoo.com,50000,"AVENIDA FRANCO DUARTE, 174 - CENTRO, Jequitinhonha - MG"
Jequitinhonha,MG,FARMA - Farmácia,DROGARIA ITA FARMA,33 37411026,patecocontabilidade@hotmail.com,40000,"RUA RAMON PINTO LOBO, 374 - ALVORADA, Jequitinhonha - MG"
Jequitinhonha,MG,FARMA - Farmácia,DROGARIA SANTOS BORBOREMA,33 37314462,esteco@uol.com.br,35000,"RUA HENRIQUE HEITMAN, 23 - CENTRO, Jequitinhonha - MG"
Jequitinhonha,MG,PET - Petshop,RACOES PETS LTDA,31 99876541,luciano@gsaminas.com.br,30000,"AVENIDA BRASIL, 505 - CENTRO, Jequitinhonha - MG"
Jequitinhonha,MG,FARMA - Farmácia,POSTO DE MEDICAMENTOS VITORIA,33 99402750,p.medicamentosvitoria@bol.com.br,30000,"RUA JOAO ALVES CARDOSO, 40 - GUARANILANDIA, Jequitinhonha - MG"
Jequitinhonha,MG,FARMA - Farmácia,DROGARIAS BARRETO,33 37412386,financeiro.ridjequitinhonha@hotmail.com,30000,"RUA HENRIQUE HEITMAN, 34 - CENTRO, Jequitinhonha - MG"
Joaíma,MG,MERCADO - Perecíveis,XERETA SUPERMERCADO,33 37216034,fiscalxereta@hotmail.com,800000,"PRACA ARGILEU CUNHA, 60 - CENTRO, Joaíma - MG"
Joaíma,MG,MERCADO - Perecíveis,SP PLUS,33 88910391,atambgu@gmail.com,100000,"AVENIDA JEQUITINHONHA, 39 - CENTRO, Joaíma - MG"
Joaíma,MG,AGRO - Revenda,COREIA COMERCIO REPRODUCAO E INSEMINACAO ARTIFICIAL LTDA,33 7451339,,80000,"RUA BRASILIA, 150 - CENTRO, Joaíma - MG"
Joaíma,MG,FARMA - Farmácia,DROGARIA BORBOREMA,33 99752097,to.borborema@hotmail.com,50000,"RUA TEOPOMPO DE ALMEIDA, 488 - CENTRO, Joaíma - MG"
Joaíma,MG,FARMA - Farmácia,DROGARIA SAO FRANCISCO,33 37451304,drogariasaofranciscojoa@hotmail.com,50000,"RUA ANTONIO GOMES MOREIRA, 410 - CENTRO, Joaíma - MG"
Joaíma,MG,FARMA - Farmácia,DROGARIA EBENEZER,33 99844855,calmeidacontadora@yahoo.com,50000,"PRACA ARGILEU ALVES CUNHA, 114 A - CENTRO, Joaíma - MG"
Joaíma,MG,FARMA - Farmácia,DROGARIA NOVA ERA,33 37211777,assteccocontabilidade@bol.com.br,40000,"PRACA ARGILEU ALVES CUNHA, 114 - CENTRO, Joaíma - MG"
Joaíma,MG,FARMA - Farmácia,DROGARIA DO VALE,33 37431214,contabexata@ig.com.br,32000,"RUA BRASILIA, 688 - CENTRO, Joaíma - MG"
Joaíma,MG,AGRO - Revenda,ZOOMAX,33 37451372,cjoaima@hotmail.com,30000,"RUA BRASILIA, 666 - CENTRO, Joaíma - MG"
Joaíma,MG,FARMA - Farmácia,DROGARIA RAMOS,33 88251732,contabiljoaima@gmail.com,30000,"AVENIDA JEQUITINHONHA, 20 - CENTRO, Joaíma - MG"
Jordânia,MG,MERCADO - Perecíveis,SUPERMERCADO NOVA OPCAO,33 37261683,cadastrofiscal@escritaonline.cnt.br,350000,"RUA LERO GOMES, 367 - CENTRO, Jordânia - MG"
Jordânia,MG,FARMA - Farmácia,DROGARIAS BARRETO,33 37261381,financeiro.ridjordania@hotmail.com,130000,"RUA LERO GOMES, 270 - CENTRO, Jordânia - MG"
Jordânia,MG,MERCADO - Perecíveis,SUPERMERCADO SILVA,33 37261899,fiscal@futuraassessoriacontabil.com.br,100000,"RUA LERO GOMES, 267 - CENTRO, Jordânia - MG"
Jordânia,MG,MERCADO - Perecíveis,J.G. VEIRA SUPERMERCADOS,33 37211618,manfrine.almeida@yahoo.com.br,80000,"RUA JOAO PADEIRO, 36 - CENTRO, Jordânia - MG"
Jordânia,MG,AGRO - Revenda,REDE RUAS,33 88426459,licitacaorederuas@gmail.com,80000,"RUA LERO GOMES, 354 - NOVO ACORDO, Jordânia - MG"
Jordânia,MG,MERCADO - Perecíveis,SUPERMERCADO SOUSA,33 37261212,protecmg@yahoo.com.br,50000,"RUA LERO GOMES, 715 - GUANABARA, Jordânia - MG"
Jordânia,MG,FARMA - Farmácia,DROGARIA EDESIO,33 88808528,protecmg@yahoo.com.br,50000,"RUA ARCANJA ALVES COSTA, 720 - CENTRO, Jordânia - MG"
Jordânia,MG,AGRO - Revenda,AGROVETERINARIO TIGRE,33 88402227,marcioamf@hotmail.com,50000,"AVENIDA JOAO ANASTACIO FILHO, 636 - CENTRO, Jordânia - MG"
Jordânia,MG,FARMA - Farmácia,DROGARIA ELIANDRA,33 37261212,protecmg@yahoo.com.br,50000,"RUA LERO GOMES, 141 - CENTRO, Jordânia - MG"
Jordânia,MG,PET - Petshop,PETLOVERS,33 37261470,nathaliacunha2006@gmail.com,35000,"RUA BAHIA, 46 - MARACANA, Jordânia - MG"
Jordânia,MG,PET - Petshop,18.217.205 DELVANI FERREIRA SOUTO,33 37261470,ferreirasoutodelvani@gmail.com,35000,"RUA LERO GOMES, 384 - CENTRO, Jordânia - MG"
Jordânia,MG,MERCADO - Perecíveis,MINAS SUPERMERCADO,33 37261212,protecmg@yahoo.com.br,30000,"RUA LERO GOMES, 50 - CENTRO, Jordânia - MG"
Jordânia,MG,AGRO - Revenda,AGROSHOP,33 37261954,protecmg@yahoo.com.br,30000,"RUA LERO GOMES, 222 - CENTRO, Jordânia - MG"
José Gonçalves de Minas,MG,MERCADO - Perecíveis,ROXO SUPERMERCADOS,33 88209323,econtminas@gmail.com,200000,"RUA AFONSO CALDEIRA, 53 - CENTRO, José Gonçalves de Minas - MG"
José Gonçalves de Minas,MG,MERCADO - Perecíveis,DADA SUPERMERCADO,33 88147374,contfoccus@gmail.com,100000,"RUA MARIA JOSE LAGO MENDONCA, 125 - POVOADO DE IJICATU, José Gonçalves de Minas - MG"
José Gonçalves de Minas,MG,MERCADO - Perecíveis,LIU SUPERMERCADO,33 37378051,lumarcontabil@yahoo.com.br,60000,"RUA ANA SANTOS CARVALHO, 112 - CENTRO, José Gonçalves de Minas - MG"
José Gonçalves de Minas,MG,FARMA - Farmácia,DROGARIA SOUSA GOMES,33 88330827,drogariasg1@gmail.com,50000,"RUA PROFESSORA JUSCELINA COSTA, 92 - CENTRO, José Gonçalves de Minas - MG"
José Gonçalves de Minas,MG,FARMA - Farmácia,TIM FARMA,16 88671092,timfarma2022@gmail.com,50000,"RUA PROFESSORA JUSCELINA COSTA, 359 - CENTRO, José Gonçalves de Minas - MG"
José Gonçalves de Minas,MG,FARMA - Farmácia,PAULAPHARMA,33 37641197,triacontabilidade@yahoo.com.br,35000,"TRAVESSA ANA SANTOS, 02 - CENTRO, José Gonçalves de Minas - MG"
José Gonçalves de Minas,MG,AGRO - Revenda,CASA DO PRODUTOR SILVA,33 37361504,lumarcontabil@yahoo.com.br,30000,"RUA JUSCELINA COSTA, 261 - CENTRO, José Gonçalves de Minas - MG"
Leme do Prado,MG,MERCADO - Perecíveis,COMERCIAL IRMAOS CORDEIRO,33 37648030,diretoria@azteccontabil.com.br,700000,"AVENIDA FRANCISCO BADARO JUNIOR, 185 - CENTRO, Leme do Prado - MG"
Leme do Prado,MG,MERCADO - Perecíveis,SUPERMERCADO SORRISO,38 30825789,thiago@aguiaempresas.com.br,200000,"PRACA TEODOLINO FERREIRA, 32 - CENTRO, Leme do Prado - MG"
Leme do Prado,MG,AGRO - Revenda,ESPACO RURAL A SUA FARMACIA VETERINARIA,33 88303050,,80000,"RUA SAO VICENTE, 83 - CENTRO, Leme do Prado - MG"
Leme do Prado,MG,FARMA - Farmácia,DROGAGIL,33 88612215,tadziofernandes@yahoo.com.br,50000,"RUA SANTOS DUMONT, 20 - CENTRO, Leme do Prado - MG"
Leme do Prado,MG,FARMA - Farmácia,POSTO MEDICAMENTOS GOUVEIA LTDA,38 32226751,diretoria@azteccontabil.com.br,50000,"RUA BELA VISTA, 32 - POVOADO DE GOUVEIA, Leme do Prado - MG"
Leme do Prado,MG,FARMA - Farmácia,DROGA LEME,38 35211864,polliane@gasquelcontabilidade.com.br,30000,"AVENIDA FRANCISCO BADARO JUNIOR, 372 - CENTRO, Leme do Prado - MG"
Mata Verde,MG,MERCADO - Perecíveis,SUPERMERCADO BACANA DE MATA VERDE,33 98614556,spprmvmg@outlook.com,300000,"RUA OLIMPIO PEREIRA DE SOUZA, 365 - CENTRO, Mata Verde - MG"
Mata Verde,MG,MERCADO - Perecíveis,SUPERMERCADO BRILHO DO LAR,33 37221492,gersinofilho@bol.com.br,300000,"AVENIDA NOSSA SENHORA DE FATIMA, 200 - CENTRO, Mata Verde - MG"
Mata Verde,MG,MERCADO - Perecíveis,SUPERMERCADO REFERENCIA,33 37221492,gersinofilho@bol.com.br,300000,"AVENIDA MARINHO DE ASSIS LEBRAO, 130 - CENTRO, Mata Verde - MG"
Mata Verde,MG,MERCADO - Perecíveis,SUPERMERCADO NOVO RUBIM,33 88334388,rmercadinhorubim@yahoo.com,200000,"AVENIDA ALMENARA, 191 - PLANALTO, Mata Verde - MG"
Mata Verde,MG,MERCADO - Perecíveis,LIDY SUERMERCADO,33 99263012,ilidianealvesdarocha@gmail.com,150000,"TRAVESSA JUA, 05 - CENTRO, Mata Verde - MG"
Mata Verde,MG,MERCADO - Perecíveis,CAFE MATA VERDE,33 37221127,gersinofilho@bol.com.br,120000,"RUA DA BAHIA, 113 - CENTRO, Mata Verde - MG"
Mata Verde,MG,AGRO - Revenda,NOFAL,33 37221164,nofal.agro@gmail.com,100000,"PRACA JOSE DE ASSIS LEBRAO, 80 - CENTRO, Mata Verde - MG"
Mata Verde,MG,AGRO - Revenda,COMERCIAL LAVOURA FERTIL,33 37221009,contatocontabilidade@yahoo.com.br,100000,"RUA HERMINIO ARAUJO DOS SANTOS, 35 - CENTRO, Mata Verde - MG"
Mata Verde,MG,MERCADO - Perecíveis,XERETA SUPERMERCADOS,33 88320853,katrinyketley@yahoo.com.br,60000,"RUA HERMINIO ARAUJO DOS SANTOS, 46 - CENTRO, Mata Verde - MG"
Mata Verde,MG,AGRO - Revenda,AGROVERDE,33 87015613,contatocontabilidade@yahoo.com.br,50000,"AVENIDA MARINHO DE ASSIS LEBRAO, 437 - CENTRO, Mata Verde - MG"
Mata Verde,MG,FARMA - Farmácia,DROGARIA UNIAO LEMOS E MARTINS,33 37221009,contatocontabilidade@yahoo.com.br,50000,"AVENIDA MARINHO DE ASIS LEBRAO, 244 - CENTRO, Mata Verde - MG"
Mata Verde,MG,FARMA - Farmácia,NOVA PHARMA MATA VERDE,33 88559154,novafarmamv@gmail.com,50000,"RUA GUANABARA, 77 - CENTRO, Mata Verde - MG"
Mata Verde,MG,FARMA - Farmácia,DROGARIA PEG+,33 88543568,drogaria.mares@gmail.com,50000,"AVENIDA MARINHO DE ASSIS LEBRAO, 155 - CENTRO, Mata Verde - MG"
Mata Verde,MG,FARMA - Farmácia,SANTE FARMA,33 87279222,santefarma2020@gmail.com,40000,"AVENIDA MARINHO DE ASSIS LEBRAO, 151 - CENTRO, Mata Verde - MG"
Mata Verde,MG,FARMA - Farmácia,DROGARIA MATA VERDE LTDA,33 37221165,contatocontabilidade@yahoo.com.br,30000,"RUA GUANABARA, 49 - CENTRO, Mata Verde - MG"
Mata Verde,MG,FARMA - Farmácia,POSTO DE MEDICAMENTOS GOBIRA,33 37221009,contatocontabilidade@yahoo.com.br,30000,"AVENIDA MARINHO DE ASSIS LEBRAO, 18 - CENTRO, Mata Verde - MG"
Mata Verde,MG,FARMA - Farmácia,DROGARIA MENOR PRECO MV LTDA,33 37221165,contatocontabilidade@hotmail.com,30000,"AVENIDA MARINHO DE ASSIS LEBRAO, 33 - CENTRO, Mata Verde - MG"
Medina,MG,AGRO - Revenda,AGROVET,33 37531551,rosiamcosta@hotmail.com,200000,"PRACA TANCREDO NEVES, 50 - GENERAL DUTRA, Medina - MG"
Medina,MG,AGRO - Revenda,CASA DO CAMPO,33 37531160,jaquespetroniojaquesamaral@gmail.com,200000,"AVENIDA BELO HORIZONTE, 220 - CENTRO, Medina - MG"
Medina,MG,PET - Petshop,47.042.880 RONALDO NERES OLIVEIRA,33 37531445,ronaldneresoliveira@gmail.com,130000,"RUA MACAPA, 261 - SAO GERALDO, Medina - MG"
Medina,MG,MERCADO - Perecíveis,SUPERMERCADO MARKES,33 37531084,madissacontabil@outlook.com,100000,"RUA ROMULO QUIRINO SILVA, 10 - CENTRO, Medina - MG"
Medina,MG,MERCADO - Perecíveis,REDE ORNELAS,33 37531364,siare@escritaonline.cnt.br,100000,"RUA PRIMEIRO DE JANEIRO, 44 - CENTRO, Medina - MG"
Medina,MG,MERCADO - Perecíveis,SUPERMERCADO BELA VISTA,33 37532034,cadastrofiscal@escritaonline.cnt.br,100000,"AVENIDA LUIZ TANURE, 123 - CENTRO, Medina - MG"
Medina,MG,MERCADO - Perecíveis,MART VALLE SUPERMERCADO,33 99914774,,70000,"FAZENDA JOSE SANTOS II, SN - ZONA RURAL, Medina - MG"
Medina,MG,FARMA - Farmácia,POSTO DE MEDICAMENTOS - DROGARIA CENTRAL,33 37321184,dfyrocha@hotmail.com,60000,"PRACA TANCREDO NEVES, 60 - GENERAL DUTRA, Medina - MG"
Medina,MG,FARMA - Farmácia,DROGARIA UNIVIDA,33 98782546,drogunivida@gmail.com,60000,"RUA OURO PRETO, 36 - CENTRO, Medina - MG"
Medina,MG,AGRO - Revenda,ACESSORIOS DO VAQUEIRO GV,33 91672609,vazgomesrafael@gmail.com,50000,"RUA PRIMEIRO DE JANEIRO, 501 - CENTRO, Medina - MG"
Medina,MG,FARMA - Farmácia,DROGARIA BEM ESTAR,33 37531551,agrorural.gd@outlook.com,50000,"PRACA TANCREDO NEVES, 90 - GENERAL DUTRA, Medina - MG"
Medina,MG,FARMA - Farmácia,DROGARIA SANTA RITA,22 22222222,departamentolegalfarma@outlook.com,50000,"PRACA DR MAX MACHADO, 80 - CENTRO, Medina - MG"
Medina,MG,AGRO - Revenda,AGROMED,33 37531160,petroniojaquesamaral@bol.com.br,50000,"RUA SAO GERALDO, 67 - CENTRO, Medina - MG"
Medina,MG,FARMA - Farmácia,DROGARIA AVENIDA,33 37531870,serteco2005@yahoo.com.br,50000,"AVENIDA LUIZ TANURE, 671 - VARZEA GRANDE, Medina - MG"
Medina,MG,PET - Petshop,COMERCIAL AGRO VALE,33 84087930,jaquespetroniojaquesamaral@gmail.com,50000,"RUA SAO JOAO DEL REY, 122 - CENTRO, Medina - MG"
Medina,MG,FARMA - Farmácia,DROGARIA SAO RUAN,33 37532828,drogariasaoruan@gmail.com,40000,"AVENIDA AFONSO PENA, 501 - CENTRO, Medina - MG"
Medina,MG,AGRO - Revenda,CASA DO CRIADOR,33 37532555,casadocriador.mg@hotmail.com,30000,"RUA SAO JOAO DEL REY, 72 - CENTRO, Medina - MG"
Medina,MG,AGRO - Revenda,ARREATA DE OURO,33 37531468,arreatadeouroagropecuaria@gmail.com,30000,"PRACA DR MAX MACHADO, 128 - CENTRO, Medina - MG"
Medina,MG,MERCADO - Perecíveis,SUPERMERCADO DANIEL, ,,30000,"RUA SAO GERALDO, 35 - CENTRO, Medina - MG"
Minas Novas,MG,MERCADO - Perecíveis,SUPERMERCADO KATIA E KARLA,33 37641182,diretoria@azteccontabil.com.br,250000,"AVENIDA ISRAEL PINHEIRO, 96 - SAUDADE, Minas Novas - MG"
Minas Novas,MG,MERCADO - Perecíveis,GILBERTO DIAS DE SOUSA FILHO LTDA,33 37642661,supermercadosmart07@gmail.com,100000,"AVENIDA WALDEMAR CESAR SANTOS, 218 - CENTRO, Minas Novas - MG"
Minas Novas,MG,PET - Petshop,AGROMINAS,33 37642058,miscontabil@yahoo.com.br,100000,"AVENIDA WALDEMAR CESAR SANTOS, 29 - CENTRO, Minas Novas - MG"
Minas Novas,MG,MERCADO - Perecíveis,SUPERMERCADO NOSSA SENHORA APARECIDA,38 32519656,supermercadosmart07@gmail.com,100000,"RUA WALDEMAR CESAR SANTOS, 218 - CENTRO, Minas Novas - MG"
Minas Novas,MG,FARMA - Farmácia,PAULA PHARMA-POSTO DE MEDICAMENTOS,33 37642146,pauladaiana14@gmail.com,99800,"AVENIDA FRANCISCO BADARO, 203 - ZONA RURAL/LAGOA GRANDE, Minas Novas - MG"
Minas Novas,MG,FARMA - Farmácia,DROGARIA TUTU E DRUGSTORE,33 98218523,drogariatutu2021@gmail.com,70000,"PRACA SEBASTIAO LEME DO PRADO, 111 - CENTRO, Minas Novas - MG"
Minas Novas,MG,AGRO - Revenda,FDV AGROPECUARIA,33 99522257,aranasc@uai.com.br,50000,"AVENIDA MINAS NOVAS, 638 - CRUZINHA, Minas Novas - MG"
Minas Novas,MG,FARMA - Farmácia,DROGARIA CONFIANCA DRUGSTORE,31 91152885,gefersonassis@gmail.com,50000,"AVENIDA DELFIM MOREIRA, 101 - CENTRO, Minas Novas - MG"
Minas Novas,MG,FARMA - Farmácia,RS CONSTRUARTE,33 98207556,drogariaangelica12@gmail.com,45000,"RUA PRINCIPAL, S/N - CANSANCAO, Minas Novas - MG"
Minas Novas,MG,FARMA - Farmácia,MAIS POPULAR FARMA,22 98004668,maispopularmg@gmail.com,40000,"AVENIDA MINAS NOVAS, 800 - DISTRITO DE CRUZINHA, Minas Novas - MG"
Minas Novas,MG,AGRO - Revenda,AGROPECUARIA UNIAO,33 99626431,agroboiminasnovas@yahoo.com.br,40000,"RUA INOCENCIO LEITE, 80 - CENTRO, Minas Novas - MG"
Minas Novas,MG,FARMA - Farmácia,FARMACIA DROGALIDER,33 99837513,jorgehenrikky@gmail.com,30000,"RUA SAO SEBASTIAO, 115 - DISTRITO DE BAIXA QUENTE, Minas Novas - MG"
Minas Novas,MG,PET - Petshop,COUROS FIGUEIREDO,33 37641390,miscontabil@yahoo.com.br,30000,"RUA NOE CORREIA, 56 - DISTRITO DE CRUZINHA, Minas Novas - MG"
Minas Novas,MG,FARMA - Farmácia,POSTO DE MEDICAMENTOS DROGALIDER,33 99837513,jorgehenrikky@gmail.com,30000,"RUA ANTONIO BARBOSA SOBRINHO, 140 - DISTRITO DE RIBEIRAO DA FOLHA, Minas Novas - MG"
Monte Formoso,MG,FARMA - Farmácia,MED FARMA,33 35341188,esteco@uol.com.br,60000,"RUA HERCULANO SILVA, 76 - CENTRO, Monte Formoso - MG"
Monte Formoso,MG,FARMA - Farmácia,POSTO DE MEDICAMENTOS MONTE FORMOSO,33 37341565,gildeteps@hotmail.com,37500,"RUA HERCULANO SILVA, 08 - CENTRO, Monte Formoso - MG"
Monte Formoso,MG,MERCADO - Perecíveis,MERCADINHO PARCEIRO,33 37458106,higocruz@yahoo.com.br,30000,"RUA RUA HERCULANO SILVA, 251 - CENTRO, Monte Formoso - MG"
Novo Cruzeiro,MG,FARMA - Farmácia,DROGARIA MAIS SAUDE,33 87215763,mastercontabilto@gmail.com,1000000,"AVENIDA JULIO CAMPOS, 510 - CENTRO, Novo Cruzeiro - MG"
Novo Cruzeiro,MG,MERCADO - Perecíveis,SUPERMERCADO COMPRE BEM,33 35335070,comprebemnc@hotmail.com,800000,"AVENIDA JULIO CAMPOS, 354 - CENTRO, Novo Cruzeiro - MG"
Novo Cruzeiro,MG,MERCADO - Perecíveis,XERETA SUPERMERCADOS,33 35355151,xeretasupermercados@hotmail.com,600000,"RUA DAVID MUSSI, 159 - CENTRO, Novo Cruzeiro - MG"
Novo Cruzeiro,MG,MERCADO - Perecíveis,AMORIM SUPERMERCADO,33 35331326,amorimsupermercado@hotmail.com.br,500000,"RUA PRESIDENTE BERNARDES, 127 - CENTRO, Novo Cruzeiro - MG"
Novo Cruzeiro,MG,AGRO - Revenda,CASA DO PRODUTOR,33 87501925,deltacontabilidade.nc@gmail.com,200000,"AVENIDA JULIO CAMPOS, 603 - CENTRO, Novo Cruzeiro - MG"
Novo Cruzeiro,MG,MERCADO - Perecíveis,ATACALIDER ATACAREJO,33 35231543,contabilidadeklierls@gmail.com,181000,"RUA DAVID MUSSI, 159 - CENTRO, Novo Cruzeiro - MG"
Novo Cruzeiro,MG,AGRO - Revenda,AGROPECUARIA CELEIRO,33 88686207,exatanc@outlook.com,150000,"AVENIDA JULIO CAMPOS, 420 - CENTRO, Novo Cruzeiro - MG"
Novo Cruzeiro,MG,FARMA - Farmácia,DROGARIA VITAL BRASIL, ,,100000,"AVENIDA JULIO CAMPOS, 244 - CENTRO, Novo Cruzeiro - MG"
Novo Cruzeiro,MG,FARMA - Farmácia,HIPER POPULAR NOVO CRUZEIRO,33 87310140,hiperpopularnc@hotmail.com,100000,"AVENIDA JULIO CAMPOS, 380 - CENTRO, Novo Cruzeiro - MG"
Novo Cruzeiro,MG,FARMA - Farmácia,FARMACIA CENTRAL,33 35331265,farmacia.centralnc@hotmail.com,99800,"RUA PRESIDENTE BERNARDES, 44 - CENTRO, Novo Cruzeiro - MG"
Novo Cruzeiro,MG,AGRO - Revenda,CASA DO GADO,33 35331504,mastercontabilto@gmail.com,70000,"PRACA SARGENTO NORALDINO ROSA, 337 - CENTRO, Novo Cruzeiro - MG"
Novo Cruzeiro,MG,PET - Petshop,AGRO VETERINARIA LAMBARI,33 35367334,servicoscontabeismr@gmail.com,64000,"RUA JOSE GERALDO SOARES, 332 - NOVILHONA, Novo Cruzeiro - MG"
Novo Cruzeiro,MG,FARMA - Farmácia,DROGARIA FOCO,33 88279290,thaisevip@ig.com.br,60000,"AVENIDA JULIO CAMPOS, 562 - CENTRO, Novo Cruzeiro - MG"
Novo Cruzeiro,MG,AGRO - Revenda,TUDO DA ROCA,33 35331328,siare@escritaonline.cnt.br,50000,"RUA DAVID MUSSI, 182 - CENTRO, Novo Cruzeiro - MG"
Novo Cruzeiro,MG,FARMA - Farmácia,DROGARIA NUNES E PINHEIRO LTDA,33 35334045,martins.contabilidade@bol.com.br,50000,"RUA JOSE GERALDO SOARES, 305 - LAMBARI, Novo Cruzeiro - MG"
Novo Cruzeiro,MG,AGRO - Revenda,DAROCA,33 35331922,hnrdutra@yahoo.com.br,50000,"RUA DAVID MUSSI, 182 - CENTRO, Novo Cruzeiro - MG"
Novo Cruzeiro,MG,FARMA - Farmácia,FARMACIA NOSSA SENHORA DE FATIMA,33 88717202,dviana@uai.com.br,50000,"AVENIDA JULIO CAMPOS, 296 - CENTRO, Novo Cruzeiro - MG"
Novo Cruzeiro,MG,FARMA - Farmácia,ANA PAULA ESTEVES LIMA,33 35331213,,50000,"PRACA DOM JOSE DE HAAS, 140 - CENTRO, Novo Cruzeiro - MG"
Novo Cruzeiro,MG,AGRO - Revenda,NOVILHONA AGROPECUARIA LTDA,33 87238303,marcos.ramosdesousa@yahoo.com.br,50000,"AVENIDA JULIO CAMPOS, 624 - CENTRO, Novo Cruzeiro - MG"
Novo Cruzeiro,MG,AGRO - Revenda,CASA DO PRODUTOR,33 88442508,deltacontabilidade.nc@gmail.com,45000,"AVENIDA JULIO CAMPOS, 603 - CENTRO, Novo Cruzeiro - MG"
Novo Cruzeiro,MG,FARMA - Farmácia,POSTO DE MEDICAMENTO QUEIXADA,33 99828798,deltacontabilidade.nc@gmail.com,40000,"RUA PRINCIPAL, 779 - QUEIXADA, Novo Cruzeiro - MG"
Novo Cruzeiro,MG,FARMA - Farmácia,FARMACIA PRECO BAIXO,27 96535910,consilcontabilidade@uol.com.br,30000,"AVENIDA JULIO CAMPOS, 420 - CENTRO SEDE, Novo Cruzeiro - MG"
Novo Cruzeiro,MG,MERCADO - Perecíveis,SUPER CLARA,33 35331411,siare@escritaonline.cnt.br,30000,"AVENIDA JULIO CAMPOS, 462 - CENTRO, Novo Cruzeiro - MG"
Novo Cruzeiro,MG,MERCADO - Perecíveis,JOAO RODRIGUES DA PAIXAO FILHO UNIPESSOAL LTDA,33 35331547,,30000,"AVENIDA JULIO CAMPOS, 628 - CENTRO, Novo Cruzeiro - MG"
Novo Cruzeiro,MG,MERCADO - Perecíveis,MERCEARIA MARTINS,33 35331375,walterxavierlima@oi.com.br,30000,"AVENIDA JULIO CAMPOS, 512 - CENTRO, Novo Cruzeiro - MG"
Novo Cruzeiro,MG,AGRO - Revenda,CARDOSO AGROPECUARIA,33 98080307,mns.solucoescontabeis@gmail.com,30000,"AVENIDA JULIO CAMPOS, 603 - CENTRO, Novo Cruzeiro - MG"
Padre Paraíso,MG,MERCADO - Perecíveis,SUPERMERCADO A & E LTDA,33 37313675,contabil@supermercadopef.com.br,1200000,"AVENIDA MINAS GERAIS, 954 - CENTRO, Padre Paraíso - MG"
Padre Paraíso,MG,MERCADO - Perecíveis,SUPERMERCADO ORNELAS,33 35342122,cadastro@escritaonline.cnt.br,350000,"RUA JOSE PEREIRA CAMPOS, 33 - CENTRO, Padre Paraíso - MG"
Padre Paraíso,MG,MERCADO - Perecíveis,SUPERMERCADO S MEGA,33 35341188,siare@escritaonline.cnt.br,340000,"AVENIDA MINAS GERAIS, 970 - CENTRO, Padre Paraíso - MG"
Padre Paraíso,MG,MERCADO - Perecíveis,SUPERMERCADO ORNELAS,33 99513694,silvanetoeuclides31@gmail.com,150000,"RUA OSORIO DE CASTRO ALVES, 20 - CENTRO, Padre Paraíso - MG"
Padre Paraíso,MG,PET - Petshop,AGROPET E VETERINARIA E O BICHO SOCIEDADE LTDA,33 98331995,alcancecontabilidadepp@gmail.com,120000,"RUA OSORIO DE CASTRO ALVES, 100 - CENTRO, Padre Paraíso - MG"
Padre Paraíso,MG,FARMA - Farmácia,DROGARIA CENTRAL,33 35341188,esteco@uol.com.br,80000,"RUA PRESIDENTE BERNARDES, 153 - CENTRO, Padre Paraíso - MG"
Padre Paraíso,MG,FARMA - Farmácia,MINAS FARMA,33 35341875,alcancecontabilidadepp@gmail.com,80000,"RUA MANOEL MODESTO, 26 - CENTRO, Padre Paraíso - MG"
Padre Paraíso,MG,FARMA - Farmácia,DROGARIAS CAIRES,33 84459501,esteco@uol.com.br,75000,"AVENIDA MINAS GERAIS, 801 - CENTRO, Padre Paraíso - MG"
Padre Paraíso,MG,FARMA - Farmácia,FARMA VIDA,33 35341188,esteco@uol.com.br,60000,"PRACA AGUAS MARINHAS, 110 - CENTRO, Padre Paraíso - MG"
Padre Paraíso,MG,FARMA - Farmácia,FARMACIA PARA TODOS,33 35341188,esteco@uol.com.br,60000,"PRACA AGUAS MARINHAS, 8 - CENTRO, Padre Paraíso - MG"
Padre Paraíso,MG,MERCADO - Perecíveis,SUPERMERCADO CAIRES MARTINS,33 35341188,esteco@uol.com.br,50000,"RUA ARACUAI, 33 - CENTRO, Padre Paraíso - MG"
Padre Paraíso,MG,PET - Petshop,PETMANIA,33 84521714,rcontab@uai.com.br,50000,"AVENIDA MINAS GERAIS, 738 - CENTRO, Padre Paraíso - MG"
Padre Paraíso,MG,AGRO - Revenda,MM VETERINARIA,33 84567520,esteco@uol.com.br,40000,"AVENIDA MINAS GERAIS, 884 - CENTRO, Padre Paraíso - MG"
Padre Paraíso,MG,MERCADO - Perecíveis,CLAUDIO GOMES GONCALVES,33 35226164,bmzdoliveira@uol.com.br,40000,"AVENIDA MINA GERAIS, 888 - CENTRO, Padre Paraíso - MG"
Padre Paraíso,MG,FARMA - Farmácia,DROGARIA ORNELAS LEAO,33 84130314,rcontab@uai.com.br,40000,"RUA MANOEL MODESTO, 120 - CENTRO, Padre Paraíso - MG"
Padre Paraíso,MG,AGRO - Revenda,AGROGEO VETERINARIA,33 35341875,alcancecontabilidadepp@gmail.com,40000,"AVENIDA AVENIDA MINAS GERAIS, 1166 - CENTRO, Padre Paraíso - MG"
Padre Paraíso,MG,FARMA - Farmácia,DROGARIA LIMA E DUARTE LTDA,33 35341432,siare@escritaonline.cnt.br,40000,"AVENIDA MINAS GERAIS, 757 - CENTRO, Padre Paraíso - MG"
Padre Paraíso,MG,AGRO - Revenda,AGROPEC PARAISO,33 35341188,alcancecontabilidadepp@gmail.com,35000,"RUA PREFEITO NILSON PEREIRA DUTRA, 1 - CENTRO, Padre Paraíso - MG"
Padre Paraíso,MG,AGRO - Revenda,ROBSON KENNEDY CAMARGO DE FIGUEIREDO,33 84333692,servicoscontabeismr@gmail.com,35000,"AVENIDA MINAS GERAIS, 920 - CENTRO, Padre Paraíso - MG"
Padre Paraíso,MG,MERCADO - Perecíveis,ORNELAS LOGISTICA,33 84591844,inaramalho10@hotmail.com,30000,"RUA OZORIO CASTRO ALVES, 34 - CENTRO, Padre Paraíso - MG"
Padre Paraíso,MG,FARMA - Farmácia,FARMACIA PRECO BAIXO,28 96535910,fdotrabalhadorpadreparaiso@gmail.com,30000,"RUA ARACUAI, 28 - CENTRO, Padre Paraíso - MG"
Padre Paraíso,MG,FARMA - Farmácia,DROGARIAS CAIRES,33 30864247,ophuscontabil@gmail.com,30000,"RUA ARACUAI, 10 - CENTRO, Padre Paraíso - MG"
Padre Paraíso,MG,FARMA - Farmácia,DROGARIA PEDROSO,33 35341188,esteco@uol.com.br,30000,"RUA ARACUAI, 50 - CENTRO, Padre Paraíso - MG"
Padre Paraíso,MG,AGRO - Revenda,VETERINARIA NUTRI, ,,30000,"AVENIDA MINAS GERAIS, 872 - CENTRO, Padre Paraíso - MG"
Palmópolis,MG,FARMA - Farmácia,ULTRA MAIS,33 99558038,processos@meliuzcontabilidade.com.br,100000,"RUA CLEMENTE PINTO ROSA, 49 - CENTRO, Palmópolis - MG"
Palmópolis,MG,AGRO - Revenda,AGROMIX,33 88211464,clebiomix@hotmail.com,50000,"AVENIDA ANTONIO ESTEVES VIANA, 383 - CENTRO, Palmópolis - MG"
Palmópolis,MG,FARMA - Farmácia,DROGARIA SENHOR DOS PASSOS,33 37471092,joaquimviana56@yahoo.com.br,50000,"AVENIDA ANTONIO ESTEVES VIANA, 45 - CENTRO, Palmópolis - MG"
Palmópolis,MG,FARMA - Farmácia,DROGARIA BEM ESTAR,33 88333450,edimariolacerda@bol.com.br,50000,"AVENIDA ANTONIO ESTEVES VIANA, 220 - CENTRO, Palmópolis - MG"
Palmópolis,MG,FARMA - Farmácia,DROGARIA FIGUEIRO,33 88333450,edimariolacerda@bol.com.br,50000,"AVENIDA ANTONIO ESTEVES VIANA, 109 - CENTRO, Palmópolis - MG"
Palmópolis,MG,AGRO - Revenda,FARMA CAMPO,33 88226136,edimariolacerda@bol.com.br,50000,"PRACA DO COMERCIO, 18 - CENTRO, Palmópolis - MG"
Pedra Azul,MG,MERCADO - Perecíveis,EMA EMPRESA MINEIRA DE ALIMENTOS,33 88744545,jansenathos@gmail.com,320000,"AVENIDA DR. ANTERO DE LUCENA RUAS, 55 - CENTRO, Pedra Azul - MG"
Pedra Azul,MG,MERCADO - Perecíveis,BRITO SUPERMERCADOS,33 87041152,cadastrofiscal@escritaonline.cnt.br,200000,"AVENIDA DR. ANTERO DE LUCENA RUAS, 578 - CENTRO, Pedra Azul - MG"
Pedra Azul,MG,FARMA - Farmácia,DROGARIA POPULAR,33 91665625,drogariapopularpedraazul@gmail.com,110000,"PRACA FRANCISCA FIGUEIREDO, 80 - CENTRO, Pedra Azul - MG"
Pedra Azul,MG,MERCADO - Perecíveis,SUPERMERCADOS MOREIRA,31 96631989,rm.direito@hotmail.com,105000,"AVENIDA CASSIANO MENDES, 76 - CENTRO, Pedra Azul - MG"
Pedra Azul,MG,MERCADO - Perecíveis,SUPERMERCADOS MOREIRA,33 97011978,escrita@escritaonline.cnt.br,100000,"AVENIDA ANTHERO DE LUCENA RUAS, 1154 - CENTRO, Pedra Azul - MG"
Pedra Azul,MG,FARMA - Farmácia,FARMACIA DO TRABALHADOR DE PEDRA AZUL,33 99400032,farmaciapedraazul123@gmail.com,100000,"AVENIDA DR ANTERO DE LUCENA RUAS, 205 - CENTRO, Pedra Azul - MG"
Pedra Azul,MG,MERCADO - Perecíveis,REDE PINGUIM SUPERMERCADOS,33 37512285,atacarejopinguim@outlook.com,100000,"AVENIDA CASSIANO MENDES, 76 - CENTRO, Pedra Azul - MG"
Pedra Azul,MG,MERCADO - Perecíveis,SUPERMERCADO PAGUE POUCO,33 37512268,heliogregmedeiros@gmail.com,96000,"PRACA CLEMENTE FARIA, 190 - CENTRO, Pedra Azul - MG"
Pedra Azul,MG,MERCADO - Perecíveis,SUPERMERCADO NUNES,33 37511952,supermercadonunes77@gmail.com,80000,"PRACA CLEMENTE FARIA, 140 - CENTRO, Pedra Azul - MG"
Pedra Azul,MG,MERCADO - Perecíveis,SUPERMERCADOS BOA COMPRA,33 88730482,fiscal@supermercadosboacompra.com.br,70000,"PRACA CLEMENTE FARIA, 34 - CENTRO, Pedra Azul - MG"
Pedra Azul,MG,AGRO - Revenda,LOJA DO PRODUTOR,33 37512498,lojadoprodutor28@gmail.com,62200,"AVENIDA JOAO DE ALMEIDA, 27 - CENTRO, Pedra Azul - MG"
Pedra Azul,MG,AGRO - Revenda,MENINOS DA PECUARIA,33 88197763,victormobilicar@hotmail.com,50000,"RUA DR ANTONIO FARIA, 200 - CENTRO, Pedra Azul - MG"
Pedra Azul,MG,MERCADO - Perecíveis,FENIX COMERCIO E TRANSPORTES LTDA.,33 87085402,cereaisfenix@gmail.com,50000,"RUA FRANCISCO BORJA PORTELA, 335 - CRUZEIRO, Pedra Azul - MG"
Pedra Azul,MG,AGRO - Revenda,AGRORRURALPET PRODUTOS VETERINARIOS LTDA,33 91723023,agrorural.rl@gmail.com,40000,"AVENIDA DR. ANTHERO DE LUCENA RUAS, 122 - CENTRO, Pedra Azul - MG"
Pedra Azul,MG,FARMA - Farmácia,LAURA FARMA,33 91641949,talesveloso@yahoo.com.br,40000,"RUA ELIEZER FERREIRA LACERDA, 265 - BELA VISTA, Pedra Azul - MG"
Pedra Azul,MG,PET - Petshop,CENTRAL DAS RACOES,33 99610760,evangelistamarcus@hotmail.com,40000,"AVENIDA SETE DE SETEMBRO, 284 - CENTRO, Pedra Azul - MG"
Pedra Azul,MG,FARMA - Farmácia,DROGARIA ARRUDA,33 37512658,,35000,"AVENIDA DR ANTERO DE LUCENA RUAS, 148 - CENTRO, Pedra Azul - MG"
Pedra Azul,MG,FARMA - Farmácia,DIVISA ALEGRE LTDA,33 37511210,wesleyfarma1@hotmail.com,30000,"RUA JOANA BRAGA, 13 - , Pedra Azul - MG"
Ponto dos Volantes,MG,AGRO - Revenda,MADENORTE,33 37341488,econtabilconsultoria.assessoria@gmail.com,200000,"AVENIDA ANA CABURE, 1815 - CENTRO, Ponto dos Volantes - MG"
Ponto dos Volantes,MG,FARMA - Farmácia,DROGARIA CARVALHO,33 98895984,drogariacarvalhopv@hotmail.com,150000,"AVENIDA ANA CABURE, 1880 - CENTRO, Ponto dos Volantes - MG"
Ponto dos Volantes,MG,MERCADO - Perecíveis,SUPERMERCADO SANTANA DO ARACUAI,33 98215449,ssupermercadosantana@gmail.com,120000,"RUA PCA TIRADENTES, 300 - CENTRO, Ponto dos Volantes - MG"
Ponto dos Volantes,MG,MERCADO - Perecíveis,DISTRIBUIDORA MENOR PRECO,33 87007418,rafaelpvlemismt@gmail.com,80000,"RUA VISTA ALEGRE, 41 - CENTRO, Ponto dos Volantes - MG"
Ponto dos Volantes,MG,AGRO - Revenda,AGROVETERINARIA CENTRAL,33 91068528,centralconstrucoes1@hotmail.com,50000,"AVENIDA ANA CABURE, 1900 - CENTRO, Ponto dos Volantes - MG"
Ponto dos Volantes,MG,FARMA - Farmácia,FARMACIA DO TRABALHADOR,33 35341188,esteco@uol.com.br,50000,"RUA DA MATRIZ, 20 - CENTRO, Ponto dos Volantes - MG"
Ponto dos Volantes,MG,FARMA - Farmácia,POSTO DE MEDICAMENTOS DROGAFARMA,33 37341105,contagui@uai.com.br,50000,"PRAÇA TIRADENTES, 270 - SANTANA DO ARACUAI, Ponto dos Volantes - MG"
Ponto dos Volantes,MG,FARMA - Farmácia,DROGARIA SAO SEBASTIAO,33 35341188,esteco@uol.com.br,35000,"RUA BELA VISTA, 12 - CENTRO, Ponto dos Volantes - MG"
Ponto dos Volantes,MG,AGRO - Revenda,VETERINARIA VEIGA,33 37342540,wilsontadeu@bol.com.br,30000,"PRACA SINVAL CHAGAS MELO, 80 - CENTRO, Ponto dos Volantes - MG"
Ponto dos Volantes,MG,AGRO - Revenda,VETERINARIA NUTRI,33 35341188,esteco@uol.com.br,30000,"PRACA SINVAL CHAGAS MELO, 38 - CENTRO, Ponto dos Volantes - MG"
Ponto dos Volantes,MG,AGRO - Revenda,AGROVETERINARIA PAIOL,33 99926333,douglasfrancapaiol@gmail.com,30000,"PRACA DA MATRIZ, 90 - CENTRO, Ponto dos Volantes - MG"
Presidente Kubitschek,MG,PET - Petshop,CASA DO FAZENDEIRO DE TIJUCAL,38 35451293,sol.oliveer@outlook.com,50000,"RUA OSVALDO SILVEIRA, 6 - CENTRO, Presidente Kubitschek - MG"
Rio do Prado,MG,FARMA - Farmácia,DROGARIA SANTA CLARA,33 91563122,zinelmacontabil@gmail.com,80000,"PRACA ISNALDO SANTOS, 08 - VILA FORMOSA, Rio do Prado - MG"
Rio do Prado,MG,MERCADO - Perecíveis,SUPERMERCADO PARAIBA,33 37441575,contabexata@ig.com.br,80000,"AVENIDA BELO HORIZONTE, 167 - CENTRO, Rio do Prado - MG"
Rio do Prado,MG,AGRO - Revenda,AGROPET SAUDE ANIMAL,33 97002826,araujo.contabilidade15@hotmail.com,80000,"RUA PACIFICO RODRIGUES, 167 - CENTRO, Rio do Prado - MG"
Rio do Prado,MG,FARMA - Farmácia,DROGARIA NOVA ERA,33 87288495,araujo.contabilidade15@hotmail.com,50000,"RUA MARIO PINOTE, 50 - CENTRO, Rio do Prado - MG"
Rio do Prado,MG,AGRO - Revenda,AGROVILA,33 87008085,edimariolacerda@bol.com.br,30000,"RUA SANTOS DUMONT, 19 - VILA FORMOSA DE MINAS, Rio do Prado - MG"
Rubim,MG,AGRO - Revenda,LOJA AGROPECUARIA RECANTO DO PRODUTOR,33 88641870,nelmarbo@bol.com.br,50000,"RUA CAETES, 201 - CENTRO, Rubim - MG"
Rubim,MG,AGRO - Revenda,AGRO RUBIM LTDA,33 87114978,viniciusalmeidaribeiro@hotmail.com,50000,"PRACA UBIRAJARA COELHO, 164 - CENTRO, Rubim - MG"
Salto da Divisa,MG,MERCADO - Perecíveis,COMERCIAL DO EUSTAQUIO,33 88444041,cadastro.adm02@gmail.com,98000,"RUA AUREO DE OLIVEIRA, 160 - BARRO PRETO, Salto da Divisa - MG"
Salto da Divisa,MG,MERCADO - Perecíveis,MERCADO DIVISA BAHIA,31 89766855,orlandog.felix@gmail.com,95000,"RUA C, 35 - NOSSA SENHORA DO CARMO, Salto da Divisa - MG"
Salto da Divisa,MG,FARMA - Farmácia,DROGA NEVES,33 87107067,contabilidade.lopes@yahoo.com.br,80000,"AVENIDA MINAS GERAIS, 248 - IPE, Salto da Divisa - MG"
Salto da Divisa,MG,MERCADO - Perecíveis,DIVAS SUPERMERCADO,33 87026220,divoneferraz59@gmail.com,50000,"RUA DA BAHIA, 541 - CENTRO, Salto da Divisa - MG"
Salto da Divisa,MG,FARMA - Farmácia,DROGARIA MINAS SAUDE,33 88860467,contabilidade.lopes@yahoo.com.br,50000,"RUA DA BAHIA, 571 - CENTRO, Salto da Divisa - MG"
Salto da Divisa,MG,AGRO - Revenda,AGROCENTER,33 99208802,wendell.pimenta2@gmail.com,50000,"RUA DA BAHIA, 568 - CENTRO, Salto da Divisa - MG"
Salto da Divisa,MG,AGRO - Revenda,IAGRO TEC,77 88560731,hyagozoo.hl@gmail.com,50000,"RUA MARIA CLARINDA, 219 - BARRO PRETO, Salto da Divisa - MG"
Salto da Divisa,MG,AGRO - Revenda,CONSTRUMIX,33 84472526,construmixsalto@gmail.com,50000,"RUA DA BAHIA, 568 - CENTRO, Salto da Divisa - MG"
Salto da Divisa,MG,MERCADO - Perecíveis,CRISTIANE OLIVEIRA SCHUBERT,31 88477896,,30000,"RUA BAHIA, 607 - CENTRO, Salto da Divisa - MG"
Santa Maria do Salto,MG,AGRO - Revenda,LOS HERMANOS AGRO-VETERINARIA,33 88218255,ortecl@yahoo.com.br,100000,"RUA AURELINA VIANA, 33 - CENTRO, Santa Maria do Salto - MG"
Santa Maria do Salto,MG,FARMA - Farmácia,DROGARIA SANTA RITA,33 37231155,carvalhomarcone@hotmail.com,50000,"RUA AURELINA VIANA, 69 - CENTRO, Santa Maria do Salto - MG"
Santa Maria do Salto,MG,AGRO - Revenda,AGRO-CAMPO,33 88025512,carvalhomarcone@hotmail.com,30000,"PRACA AURELINA MOTA SANTOS, 264C - CENTRO, Santa Maria do Salto - MG"
Santo Antônio do Jacinto,MG,MERCADO - Perecíveis,ATACALIDER ATACAREJO,33 37471110,xeretasupermercadossaja@hotmail.com,150000,"RUA TREZE DE JANEIRO, 12 - CENTRO, Santo Antônio do Jacinto - MG"
Santo Antônio do Jacinto,MG,FARMA - Farmácia,FARMABRASIL DROGARIA DROGSTORE,33 97036332,farmabrasilband@gmail.com,120000,"RUA SAO DOMINGOS, 18 - CENTRO, Santo Antônio do Jacinto - MG"
Santo Antônio do Jacinto,MG,FARMA - Farmácia,DROGARIA FARMA SAJA LTDA,33 88433812,lidioalves2011@hotmail.com,45000,"AREA TREZE DE JANEIRO, 82 - CENTRO, Santo Antônio do Jacinto - MG"
Santo Antônio do Jacinto,MG,AGRO - Revenda,LOJA AGROPECUARIA RECANTO DO PRODUTOR - SAJA,33 88511222,lojarecantodoprodutor@gmail.com,40000,"RUA MOISES AMANCIO, 60 - CENTRO, Santo Antônio do Jacinto - MG"
Santo Antônio do Jacinto,MG,FARMA - Farmácia,DROGARIA SENHOR DOS PASSOS ENZZO LTDA,33 37471012,fayol@byalnet.com.br,35000,"PRACA ROQUE FROES, 08 - CENTRO, Santo Antônio do Jacinto - MG"
Santo Antônio do Jacinto,MG,AGRO - Revenda,JR PRODUTOS AGROPECUARIO,33 37471861,,30000,"RUA TRAVESSA CATAJAS, 71 - CENTRO, Santo Antônio do Jacinto - MG"
Santo Antônio do Jacinto,MG,AGRO - Revenda,CONSTRULUZ MATERIAL,33 37471366,ortecviana@hotmail.com,30000,"RUA TREZE DE JANEIRO, 237 - CENTRO, Santo Antônio do Jacinto - MG"
Senador Modestino Gonçalves,MG,MERCADO - Perecíveis,COMERCIAL NEVES,38 35251388,comercialnevesme@hotmail.com,60000,"AVENIDA NOSSA SENHORA DAS MERCES, 298 - CENTRO, Senador Modestino Gonçalves - MG"
Senador Modestino Gonçalves,MG,FARMA - Farmácia,DROGARIA VIDA FARMA,38 99221597,ferreira.davidson@yahoo.com.br,50000,"RUA AVENIDA NOSSA SENHORA DAS MERCES, 166 - CENTRO, Senador Modestino Gonçalves - MG"
São Gonçalo do Rio Preto,MG,PET - Petshop,CASA DE RACAO BEM-TE-VI,38 99297108,acessorianeves82@gmail.com,50000,"RUA DIREITA, 143 - CENTRO, São Gonçalo do Rio Preto - MG"
Turmalina,MG,MERCADO - Perecíveis,SUPERMERCADO JOSE SILVA LTDA,38 35271442,josesilvasupermercado@yahoo.com.br,2200000,"RUA MARANHAO, 425 - CENTRO, Turmalina - MG"
Turmalina,MG,MERCADO - Perecíveis,GODINHO SUPERMERCADO,38 35271375,godinhosupermercadonfexml@gmail.com,1100000,"PRACA HORACIO VIANA, 222 - CENTRO, Turmalina - MG"
Turmalina,MG,MERCADO - Perecíveis,BARATEIRO,38 35211355,hiannebarroso@yahoo.com.br,942000,"RUA CANUTO QUADROS, 33 - CAMPO, Turmalina - MG"
Turmalina,MG,AGRO - Revenda,CASA DO FAZENDEIRO,38 35271846,toninho@acasadofazendeiro.com.br,420000,"RUA ITAUNA, 217 - CAMPO, Turmalina - MG"
Turmalina,MG,MERCADO - Perecíveis,COMERCIAL LIMA & LOPES LTDA,38 97246728,cadastrofiscal@escritaonline.cnt.br,300000,"RUA RITA BARBOSA, 208 - CAXAMBU, Turmalina - MG"
Turmalina,MG,MERCADO - Perecíveis,CERRADAO SUPERMERCADO,38 35271047,contabilidadejarbas@gmail.com,200000,"AVENIDA AMAZONAS, 540 - SAO JOAO BATISTA, Turmalina - MG"
Turmalina,MG,MERCADO - Perecíveis,WEMERSON LORDEIRO DE SOUZA EIRELI,38 91176187,jarbas@jarbascontabilidade.com.br,200000,"RUA SEBASTIAO DE QUADROS, 1098 - MANGA DA RODA, Turmalina - MG"
Turmalina,MG,PET - Petshop,PETCLIN - CLINICA VETERINARIA E PETSHOP LTDA,38 32135959,sac@aggape.com.br,100000,"PRACA SEBASTIAO ALVES, 22 - CENTRO, Turmalina - MG"
Turmalina,MG,MERCADO - Perecíveis,COMERCIAL CORDEIRO E SILVA LTDA,38 91348776,comercialcordeirosilva@gmail.com,100000,"RUA BAHIA, 114 - SAO JOAO BATISTA, Turmalina - MG"
Turmalina,MG,FARMA - Farmácia,HELOFARMA,38 35271250,helofarma2020@gmail.com,100000,"AVENIDA LAURO MACHADO, 172 - CENTRO, Turmalina - MG"
Turmalina,MG,FARMA - Farmácia,DROGARIA FERNANDES,38 35271261,contabilidadejarbas@gmail.com,100000,"AVENIDA LAURO MACHADO, 407 - CENTRO, Turmalina - MG"
Turmalina,MG,MERCADO - Perecíveis,REFA SUPERMERCADOS,38 30825789,thiago@aguiaempresas.com.br,90000,"RUA ONZE, 54 - POVOADO POCO DANTAS, Turmalina - MG"
Turmalina,MG,PET - Petshop,ELIQUIS MOREIRA DE OLIVEIRA,38 35271261,jarbas@jarbascontabilidade.com.br,70000,"RUA PINTASSILGO, 128 - NOVA TURMALINA, Turmalina - MG"
Turmalina,MG,AGRO - Revenda,CASA DO FAZENDEIRO,38 91290044,casadofazendeirotur@gmail.com,70000,"RUA DIAMANTINA, 54 - CAMPO, Turmalina - MG"
Turmalina,MG,MERCADO - Perecíveis,SUPERMERCADO DA VIUVA LTDA,38 35271154,diretoria@azteccontabil.com.br,60000,"RUA CACARATIBA, 121 - CENTRO, Turmalina - MG"
Turmalina,MG,FARMA - Farmácia,PHARMAVIDA,38 91044831,camargoserv@gmail.com,60000,"RUA SEBASTIAO DE QUADROS, 227 - CAXAMBU, Turmalina - MG"
Turmalina,MG,MERCADO - Perecíveis,COMERCIAL CORDEIRO E SILVA,38 92023962,comercialgomesesilva1@outlook.com,50000,"RUA ANDORINHAS, 189 - NOVA TURMALINA, Turmalina - MG"
Turmalina,MG,PET - Petshop,PET DO PINGO,38 92603757,pinheirodefreitasandreia@gmail.com,50000,"AVENIDA LAURO MACHADO, 497A - CENTRO, Turmalina - MG"
Turmalina,MG,MERCADO - Perecíveis,GDL SUPERMERCADO LTDA,38 35271886,,50000,"RUA CACARATIBA, 150 - CENTRO, Turmalina - MG"
Turmalina,MG,FARMA - Farmácia,LIDER FARMA MEDICAMENTOS E COSMETICOS,38 91087541,,50000,"RUA PINTASSILGOS, 375 - NOVA TURMALINA, Turmalina - MG"
Turmalina,MG,AGRO - Revenda,CASA DO PRODUTOR,38 35271163,casadoprodutortur@yahoo.com.br,40000,"RUA CACARATIBA, 102 - CENTRO, Turmalina - MG"
Turmalina,MG,FARMA - Farmácia,DROGARIA MAIS BRASIL,38 35271159,contabilturmalina@hotmail.com,30000,"RUA SEBASTIAO DE QUADROS, 564 - MANGA DA RODA, Turmalina - MG"
Turmalina,MG,FARMA - Farmácia,FARMACIA PRECO BAIXO,38 35271673,ftrabalhadorturmalinamg@gmail.com,30000,"AVENIDA LAURO MACHADO, 390 - CENTRO, Turmalina - MG"
Turmalina,MG,MERCADO - Perecíveis,SUPERMERCADO ESTRELA, ,,30000,"RUA ROSA VIRGILIO, 313 - SAO JOAO BATISTA, Turmalina - MG"
Turmalina,MG,FARMA - Farmácia,DROGARIA CASSIA,38 91262470,cesardecastroalves@hotmail.com,30000,"RUA BOA VISTA, 334 - CAMPO, Turmalina - MG"
Turmalina,MG,FARMA - Farmácia,DROGARIA CASTRO,38 91004315,drogariapoupejaturmalina@yahoo.com,30000,"AVENIDA LAURO MACHADO, 118 - CENTRO, Turmalina - MG"
Veredinha,MG,MERCADO - Perecíveis,CASA FERNANDES PEREIRA, ,jarbas@jarbascontabilidade.com.br,60000,"RUA PRINCIPAL, S/N - MENDONCA, Veredinha - MG"
Veredinha,MG,FARMA - Farmácia,DROGARIA PRECO JUSTO,38 35271261,jarbas@jarbascontabilidade.com.br,50000,"PRACA NOSSA SENHORA DO PATROCINIO, 3 - LIBERDADE, Veredinha - MG"
Veredinha,MG,FARMA - Farmácia,MARLYFARMA,38 99216623,marlyfarma06@hotmail.com,40000,"RUA BELO HORIZONTE, 5 - MENDONCA, Veredinha - MG"
Virgem da Lapa,MG,MERCADO - Perecíveis,SUPER SEVIA,38 30825789,thiago@aguiaempresas.com.br,500000,"RUA JEQUITINHONHA, 213 - BELA VISTA, Virgem da Lapa - MG"
Virgem da Lapa,MG,MERCADO - Perecíveis,SUPERMERCADO ARRASTAO,33 37361251,henflas@uol.com.br,300000,"RUA AFONSO CESARIO, 48 - CENTRO, Virgem da Lapa - MG"
Virgem da Lapa,MG,MERCADO - Perecíveis,JOELI RODRIGUES DA SILVA,33 88486708,cadastrofiscal@escritaonline.cnt.br,200000,"AVENIDA PRESIDENTE CASTELO BRANCO, 270 - CENTRO, Virgem da Lapa - MG"
Virgem da Lapa,MG,AGRO - Revenda,CASA DO FAZENDEIRO,31 86092024,agrovale.vdl@gmail.com,40000,"AVENIDA PRESIDENTE CASTELO BRANCO, 190 - CENTRO, Virgem da Lapa - MG"
Virgem da Lapa,MG,FARMA - Farmácia,DROGARIA SANTA CATARINA,33 37361816,jb.coimbra@yahoo.com.br,40000,"AVENIDA PRESIDENTE CASTELO BRANCO, 282 - CENTRO, Virgem da Lapa - MG"
Virgem da Lapa,MG,FARMA - Farmácia,DROGARIA VIDA E SAUDE,33 37361504,lumarcontabil@yahoo.com.br,40000,"AVENIDA PRESIDENTE CASTELO BRANCO, 279 - CENTRO, Virgem da Lapa - MG"
Virgem da Lapa,MG,MERCADO - Perecíveis,ARMAZEM DO GE,33 37361122,siare@escritaonline.cnt.br,30000,"AVENIDA PRESIDENTE CASTELO BRANCO, 14 - CENTRO, Virgem da Lapa - MG"
Virgem da Lapa,MG,MERCADO - Perecíveis,TEND TUDO,33 37361504,lumarcontabil@yahoo.com.br,30000,"AVENIDA BRASIL, 275 - CENTRO, Virgem da Lapa - MG"
Virgem da Lapa,MG,AGRO - Revenda,EMPORIO DA ROCA,33 98077285,hyagomannoell@gmail.com,30000,"RUA SERGIPE, 11 - CENTRO, Virgem da Lapa - MG"
